,cohens_kappa,weighted_f1,macro_f1,accuracy,krippendorff_alpha,F1_concurrency,recall_concurrency,precision_concurrency,F1_memory,recall_memory,precision_memory,F1_other,recall_other,precision_other,F1_semantic,recall_semantic,precision_semantic
0,0.9453402569007926,0.9601855424871151,0.9627795398146923,0.96,0.9170457634798369,0.9565217391304348,1.0,0.9166666666666666,0.9714285714285714,0.9444444444444444,1.0,0.9787234042553191,0.9583333333333334,1.0,0.9444444444444444,0.9444444444444444,0.9444444444444444
