,split_id,precision macro average,precision weighted average,recall macro average,recall weighted average,accuracy,F1 macro average,F1 weighted average,F1_concurrency,recall_concurrency,precision_concurrency,F1_memory,recall_memory,precision_memory,F1_other,recall_other,precision_other,F1_semantic,recall_semantic,precision_semantic
count,51.0,51.0,51.0,51.0,51.0,51.0,51.0,51.0,47.0,47.0,47.0,47.0,47.0,47.0,47.0,47.0,47.0,47.0,47.0,47.0
mean,0.0,0.5965232389251997,0.7096583756959572,0.590550108932462,0.6218954248366014,0.6218954248366014,0.5492621122523085,0.6188672753051838,0.5128672745694023,0.4893617021276595,0.6092198581560283,0.6312056737588654,0.647163120567376,0.6829787234042553,0.5647754137115839,0.5783687943262412,0.6418439716312057,0.46786558595069233,0.6109929078014185,0.4351063829787234
std,0.0,0.2399759821041979,0.22378696256613084,0.23240872023516226,0.20394765052326017,0.20394765052326017,0.2311992434227373,0.210485213976599,0.38597097367622457,0.3983575205183926,0.4382498199861054,0.3622659964204375,0.38234464732094503,0.4031951098896347,0.338339836465281,0.38073972771576536,0.40037531215704275,0.31575511983675547,0.40089387737254223,0.3315756929080508
min,0.0,0.08333333333333333,0.14814814814814814,0.0625,0.1111111111111111,0.1111111111111111,0.07142857142857144,0.126984126984127,0.0,0.0,0.0,0.0,0.0,0.0,0.0,0.0,0.0,0.0,0.0,0.0
25%,0.0,0.4375,0.5777777777777777,0.44375,0.5,0.5,0.37142857142857144,0.4896825396825398,0.0,0.0,0.0,0.4722222222222222,0.5,0.3333333333333333,0.5,0.3333333333333333,0.3333333333333333,0.2678571428571429,0.25,0.2
50%,0.0,0.5833333333333333,0.7777777777777778,0.55,0.6666666666666666,0.6666666666666666,0.5476190476190476,0.6444444444444444,0.5,0.5,0.8,0.8,0.6666666666666666,1.0,0.6666666666666666,0.5,0.75,0.5,0.6666666666666666,0.4
75%,0.0,0.8125,0.9086805555555555,0.7875,0.7777777777777778,0.7777777777777778,0.7130952380952381,0.7692129629629629,0.8285714285714286,1.0,1.0,1.0,1.0,1.0,0.8,1.0,1.0,0.7083333333333333,1.0,0.7083333333333333
max,0.0,1.0,1.0,1.0,1.0,1.0,1.0,1.0,1.0,1.0,1.0,1.0,1.0,1.0,1.0,1.0,1.0,1.0,1.0,1.0
