,cohens_kappa,weighted_f1,macro_f1,weighted_precision,macro_precision,weighted_recall,macro_recall,accuracy,krippendorff_alpha,F1_concurrency,recall_concurrency,precision_concurrency,F1_memory,recall_memory,precision_memory,F1_other,recall_other,precision_other,F1_semantic,recall_semantic,precision_semantic
0,0.4929200175127313,0.6229710968994331,0.6221744288749886,0.6346955331738434,0.6334921355929759,0.6346955331738434,0.6334921355929759,0.6195426195426196,0.47888082851604596,0.611111111111111,0.559322033898305,0.673469387755102,0.6778242677824268,0.675,0.680672268907563,0.6610169491525424,0.624,0.7027027027027027,0.5387453874538746,0.6186440677966102,0.477124183006536
