,split_id,precision macro average,precision weighted average,recall macro average,recall weighted average,accuracy,F1 macro average,F1 weighted average,CM,F1_concurrency,recall_concurrency,precision_concurrency,F1_memory,recall_memory,precision_memory,F1_other,recall_other,precision_other,F1_semantic,recall_semantic,precision_semantic,params,classifier
0,0,0.738044363044363,0.7380443630443629,0.7400000000000001,0.74,0.74,0.7373270378385468,0.7373270378385467,"[[18, 1, 2, 4], [2, 22, 1, 0], [2, 2, 19, 2], [4, 2, 4, 15]]",0.7058823529411765,0.72,0.6923076923076923,0.8461538461538461,0.88,0.8148148148148148,0.7450980392156863,0.76,0.7307692307692307,0.6521739130434783,0.6,0.7142857142857143,{},EnsembleTop1
0,1,0.7542929292929292,0.7528211406999287,0.7375,0.7373737373737373,0.7373737373737373,0.7418650498437733,0.7410941733959142,"[[17, 5, 0, 3], [0, 21, 0, 4], [0, 0, 18, 6], [5, 1, 2, 17]]",0.7234042553191491,0.68,0.7727272727272727,0.8076923076923077,0.84,0.7777777777777778,0.8181818181818182,0.75,0.9,0.6181818181818183,0.68,0.5666666666666667,{},EnsembleTop1
0,2,0.710979020979021,0.712650985378258,0.7150000000000001,0.7171717171717171,0.7171717171717171,0.7125916453537937,0.7145194485347938,"[[19, 2, 1, 3], [2, 21, 0, 2], [1, 0, 19, 5], [3, 3, 6, 12]]",0.76,0.76,0.76,0.8235294117647058,0.84,0.8076923076923077,0.7450980392156863,0.76,0.7307692307692307,0.5217391304347826,0.5,0.5454545454545454,{},EnsembleTop1
0,3,0.7583811802232855,0.7583648285083692,0.7379166666666668,0.7373737373737373,0.7373737373737373,0.7403242261354619,0.7399688122168137,"[[19, 1, 1, 3], [4, 17, 1, 3], [1, 0, 17, 7], [1, 1, 3, 20]]",0.7755102040816326,0.7916666666666666,0.76,0.7727272727272727,0.68,0.8947368421052632,0.7234042553191491,0.68,0.7727272727272727,0.689655172413793,0.8,0.6060606060606061,{},EnsembleTop1
0,4,0.6751561902333291,0.6736316370384966,0.6579166666666667,0.6565656565656566,0.6565656565656566,0.6640070921985816,0.6625474604198008,"[[16, 2, 1, 6], [2, 19, 0, 3], [1, 0, 16, 8], [3, 2, 6, 14]]",0.6808510638297872,0.64,0.7272727272727273,0.8085106382978724,0.7916666666666666,0.8260869565217391,0.6666666666666666,0.64,0.6956521739130435,0.5,0.56,0.45161290322580644,{},EnsembleTop1
