,split_id,precision macro average,precision weighted average,recall macro average,recall weighted average,accuracy,F1 macro average,F1 weighted average,CM,F1_concurrency,recall_concurrency,precision_concurrency,F1_memory,recall_memory,precision_memory,F1_other,recall_other,precision_other,F1_semantic,recall_semantic,precision_semantic,params,classifier
0,0,0.737129718107979,0.737129718107979,0.7400000000000001,0.74,0.74,0.7372017203107658,0.7372017203107659,"[[18, 1, 2, 4], [1, 23, 1, 0], [1, 2, 18, 4], [3, 2, 5, 15]]",0.7499999999999999,0.72,0.782608695652174,0.8679245283018867,0.92,0.8214285714285714,0.7058823529411765,0.72,0.6923076923076923,0.6250000000000001,0.6,0.6521739130434783,{},EnsembleTop2
0,1,0.7467532467532467,0.7456382001836547,0.7375,0.7373737373737373,0.7373737373737373,0.739341629867523,0.7387289190581042,"[[17, 5, 0, 3], [0, 22, 0, 3], [0, 0, 18, 6], [5, 1, 3, 16]]",0.7234042553191491,0.68,0.7727272727272727,0.830188679245283,0.88,0.7857142857142857,0.7999999999999999,0.75,0.8571428571428571,0.6037735849056605,0.64,0.5714285714285714,{},EnsembleTop2
0,2,0.7171235909822865,0.718895883147091,0.7154166666666667,0.7171717171717171,0.7171717171717171,0.7156410256410256,0.7173983423983424,"[[19, 2, 1, 3], [2, 19, 0, 4], [0, 1, 20, 4], [2, 3, 6, 13]]",0.7916666666666667,0.76,0.8260869565217391,0.76,0.76,0.76,0.7692307692307692,0.8,0.7407407407407407,0.5416666666666666,0.5416666666666666,0.5416666666666666,{},EnsembleTop2
0,3,0.7360347540045766,0.7357926808127037,0.7179166666666668,0.7171717171717171,0.7171717171717171,0.7203927025355596,0.7198359600957003,"[[19, 1, 1, 3], [4, 17, 2, 2], [1, 0, 16, 8], [1, 1, 4, 19]]",0.7755102040816326,0.7916666666666666,0.76,0.7727272727272727,0.68,0.8947368421052632,0.6666666666666666,0.64,0.6956521739130435,0.6666666666666666,0.76,0.59375,{},EnsembleTop2
0,4,0.7257601761320297,0.7247467743099114,0.6979166666666667,0.696969696969697,0.696969696969697,0.7055503452631635,0.7045103423032171,"[[18, 1, 0, 6], [2, 19, 0, 3], [1, 0, 16, 8], [3, 3, 3, 16]]",0.7346938775510204,0.72,0.75,0.8085106382978724,0.7916666666666666,0.8260869565217391,0.7272727272727272,0.64,0.8421052631578947,0.5517241379310344,0.64,0.48484848484848486,{},EnsembleTop2
