,split_id,precision macro average,precision weighted average,recall macro average,recall weighted average,accuracy,F1 macro average,F1 weighted average,CM,F1_concurrency,recall_concurrency,precision_concurrency,F1_memory,recall_memory,precision_memory,F1_other,recall_other,precision_other,F1_semantic,recall_semantic,precision_semantic,params,classifier
0,0,0.7202380952380952,0.7202380952380952,0.7200000000000001,0.72,0.72,0.7154523081512416,0.7154523081512417,"[[17, 1, 2, 5], [0, 22, 2, 1], [1, 2, 20, 2], [3, 3, 6, 13]]",0.7391304347826089,0.68,0.8095238095238095,0.830188679245283,0.88,0.7857142857142857,0.7272727272727272,0.8,0.6666666666666666,0.5652173913043478,0.52,0.6190476190476191,{},EnsembleTop5
0,1,0.7516996891996892,0.7505690157205308,0.7479166666666667,0.7474747474747475,0.7474747474747475,0.7489810305393061,0.7482021828021097,"[[18, 5, 0, 2], [0, 21, 0, 4], [1, 0, 19, 4], [5, 1, 3, 16]]",0.7346938775510204,0.72,0.75,0.8076923076923077,0.84,0.7777777777777778,0.8260869565217391,0.7916666666666666,0.8636363636363636,0.6274509803921569,0.64,0.6153846153846154,{},EnsembleTop5
0,2,0.7346346529814272,0.736515941427965,0.7170833333333334,0.7171717171717171,0.7171717171717171,0.7216318635771524,0.7226768135306407,"[[17, 1, 1, 6], [2, 20, 1, 2], [2, 0, 17, 6], [1, 1, 5, 17]]",0.7234042553191491,0.68,0.7727272727272727,0.8510638297872342,0.8,0.9090909090909091,0.6938775510204083,0.68,0.7083333333333334,0.6181818181818182,0.7083333333333334,0.5483870967741935,{},EnsembleTop5
0,3,0.754716819221968,0.7546634537595637,0.7379166666666668,0.7373737373737373,0.7373737373737373,0.7395812990267877,0.7392183807939104,"[[19, 1, 1, 3], [4, 17, 2, 2], [1, 0, 17, 7], [1, 1, 3, 20]]",0.7755102040816326,0.7916666666666666,0.76,0.7727272727272727,0.68,0.8947368421052632,0.7083333333333334,0.68,0.7391304347826086,0.7017543859649122,0.8,0.625,{},EnsembleTop5
0,4,0.730384199134199,0.7291038086492632,0.7075,0.7070707070707071,0.7070707070707071,0.7150794920431778,0.7142217091345231,"[[19, 0, 1, 5], [2, 18, 0, 4], [1, 0, 17, 7], [2, 3, 4, 16]]",0.7755102040816326,0.76,0.7916666666666666,0.7999999999999999,0.75,0.8571428571428571,0.7234042553191491,0.68,0.7727272727272727,0.5614035087719298,0.64,0.5,{},EnsembleTop5
