,test,stat,p,h0
0,shapiro_stat,0.988572895526886,0.551357626914978,xEnsemble2 is normal distributed
1,dagostino_stat,0.9400588534228029,0.6249838767919287,xEnsemble2 is normal distributed
0,shapiro_stat,0.997530460357666,0.9997902512550354,xEnsemble1 is normal distributed
1,dagostino_stat,0.1788668762195209,0.914449130561281,xEnsemble1 is normal distributed
0,t_test_two_sided,1.5600365479989937,0.12034868876576597,xEnsemble2 is not different xEnsemble1
