,test,stat,p,h0
0,shapiro_stat,0.997530460357666,0.9997902512550354,xEnsemble1 is normal distributed
1,dagostino_stat,0.1788668762195209,0.914449130561281,xEnsemble1 is normal distributed
0,shapiro_stat,0.9709503650665283,0.3855457305908203,xLRC is normal distributed
1,dagostino_stat,2.049314637983324,0.35891943920969516,xLRC is normal distributed
0,t_test_one_sided,3.414675524492023,0.0005359278918937445,xEnsemble1 is not greater than xLRC
