,split_id,precision macro average,precision weighted average,recall macro average,recall weighted average,accuracy,F1 macro average,F1 weighted average,CM,F1_concurrency,recall_concurrency,precision_concurrency,F1_memory,recall_memory,precision_memory,F1_other,recall_other,precision_other,F1_semantic,recall_semantic,precision_semantic,params,classifier
0,0,0.738016917293233,0.738016917293233,0.7391304347826086,0.7391304347826086,0.7391304347826086,0.7345681019022696,0.7345681019022696,"[[13, 2, 1, 7], [2, 18, 1, 2], [0, 1, 22, 0], [4, 0, 4, 15]]",0.6190476190476191,0.5652173913043478,0.6842105263157895,0.8181818181818182,0.782608695652174,0.8571428571428571,0.8627450980392156,0.9565217391304348,0.7857142857142857,0.6382978723404256,0.6521739130434783,0.625,{},{}
