,split_id,precision macro average,precision weighted average,recall macro average,recall weighted average,accuracy,F1 macro average,F1 weighted average,CM,F1_concurrency,recall_concurrency,precision_concurrency,F1_memory,recall_memory,precision_memory,F1_other,recall_other,precision_other,F1_semantic,recall_semantic,precision_semantic,params,classifier
0,0,0.7394818722943723,0.7368402873722022,0.7033514492753623,0.7021276595744681,0.7021276595744681,0.7156746031746031,0.7137115839243499,"[[16, 0, 0, 8], [2, 19, 0, 2], [0, 0, 16, 7], [3, 0, 6, 15]]",0.7111111111111111,0.6666666666666666,0.7619047619047619,0.9047619047619047,0.8260869565217391,1.0,0.711111111111111,0.6956521739130435,0.7272727272727273,0.5357142857142857,0.625,0.46875,{},{}
