,split_id,precision macro average,precision weighted average,recall macro average,recall weighted average,accuracy,F1 macro average,F1 weighted average,CM,F1_concurrency,recall_concurrency,precision_concurrency,F1_memory,recall_memory,precision_memory,F1_other,recall_other,precision_other,F1_semantic,recall_semantic,precision_semantic,params,classifier
0,0,0.7193770903010034,0.7193770903010034,0.7065217391304348,0.7065217391304348,0.7065217391304348,0.7100772779046863,0.7100772779046863,"[[15, 0, 2, 6], [3, 19, 0, 1], [0, 0, 19, 4], [6, 0, 5, 12]]",0.6382978723404256,0.6521739130434783,0.625,0.9047619047619047,0.8260869565217391,1.0,0.7755102040816326,0.8260869565217391,0.7307692307692307,0.5217391304347826,0.5217391304347826,0.5217391304347826,{},{}
