,split_id,precision macro average,precision weighted average,recall macro average,recall weighted average,accuracy,F1 macro average,F1 weighted average,CM,F1_concurrency,recall_concurrency,precision_concurrency,F1_memory,recall_memory,precision_memory,F1_other,recall_other,precision_other,F1_semantic,recall_semantic,precision_semantic,params,classifier
0,0,0.7577380952380952,0.7601311953352768,0.7333333333333334,0.7346938775510204,0.7346938775510204,0.7380963725303349,0.7399320505789508,"[[15, 0, 2, 7], [4, 19, 0, 2], [0, 0, 21, 4], [2, 0, 5, 17]]",0.6666666666666666,0.625,0.7142857142857143,0.8636363636363636,0.76,1.0,0.7924528301886793,0.84,0.75,0.6296296296296297,0.7083333333333334,0.5666666666666667,{},{}
