,split_id,precision macro average,precision weighted average,recall macro average,recall weighted average,accuracy,F1 macro average,F1 weighted average,CM,F1_concurrency,recall_concurrency,precision_concurrency,F1_memory,recall_memory,precision_memory,F1_other,recall_other,precision_other,F1_semantic,recall_semantic,precision_semantic,params,classifier
0,0,0.7056982872200264,0.7044444444444444,0.6872529644268774,0.6888888888888889,0.6888888888888889,0.6857679795538696,0.6860332030143351,"[[13, 1, 3, 5], [3, 14, 1, 4], [0, 0, 22, 1], [6, 0, 4, 13]]",0.5909090909090909,0.5909090909090909,0.5909090909090909,0.7567567567567568,0.6363636363636364,0.9333333333333333,0.8301886792452831,0.9565217391304348,0.7333333333333333,0.5652173913043478,0.5652173913043478,0.5652173913043478,{},{}
