,split_id,precision macro average,precision weighted average,recall macro average,recall weighted average,accuracy,F1 macro average,F1 weighted average,CM,F1_concurrency,recall_concurrency,precision_concurrency,F1_memory,recall_memory,precision_memory,F1_other,recall_other,precision_other,F1_semantic,recall_semantic,precision_semantic,params,classifier
0,0,0.8100268031189084,0.8114121724063245,0.8013833992094862,0.8,0.8,0.8004546611364465,0.8004470184883301,"[[19, 1, 1, 1], [3, 17, 0, 3], [0, 2, 17, 4], [2, 0, 1, 19]]",0.8260869565217391,0.8636363636363636,0.7916666666666666,0.7906976744186046,0.7391304347826086,0.85,0.8095238095238095,0.7391304347826086,0.8947368421052632,0.7755102040816326,0.8636363636363636,0.7037037037037037,{},{}
