,split_id,precision macro average,precision weighted average,recall macro average,recall weighted average,accuracy,F1 macro average,F1 weighted average,CM,F1_concurrency,recall_concurrency,precision_concurrency,F1_memory,recall_memory,precision_memory,F1_other,recall_other,precision_other,F1_semantic,recall_semantic,precision_semantic,params,classifier
0,0,0.7540681003584229,0.7540681003584229,0.7391304347826086,0.7391304347826086,0.7391304347826086,0.7367603884372177,0.7367603884372178,"[[19, 0, 1, 3], [3, 17, 2, 1], [1, 0, 20, 2], [2, 1, 8, 12]]",0.7916666666666667,0.8260869565217391,0.76,0.8292682926829269,0.7391304347826086,0.9444444444444444,0.7407407407407407,0.8695652173913043,0.6451612903225806,0.5853658536585366,0.5217391304347826,0.6666666666666666,{},{}
