,split_id,precision macro average,precision weighted average,recall macro average,recall weighted average,accuracy,F1 macro average,F1 weighted average,CM,F1_concurrency,recall_concurrency,precision_concurrency,F1_memory,recall_memory,precision_memory,F1_other,recall_other,precision_other,F1_semantic,recall_semantic,precision_semantic,params,classifier
0,0,0.7298000435872289,0.7309566701211865,0.7318840579710144,0.7340425531914894,0.7340425531914894,0.7280024939599409,0.729663199332733,"[[13, 3, 1, 6], [3, 18, 1, 2], [0, 2, 22, 0], [3, 0, 4, 16]]",0.6190476190476191,0.5652173913043478,0.6842105263157895,0.7659574468085107,0.75,0.782608695652174,0.8461538461538461,0.9166666666666666,0.7857142857142857,0.6808510638297872,0.6956521739130435,0.6666666666666666,{},{}
