,split_id,precision macro average,precision weighted average,recall macro average,recall weighted average,accuracy,F1 macro average,F1 weighted average,CM,F1_concurrency,recall_concurrency,precision_concurrency,F1_memory,recall_memory,precision_memory,F1_other,recall_other,precision_other,F1_semantic,recall_semantic,precision_semantic,params,classifier
0,0,0.7410714285714286,0.7435410334346504,0.723731884057971,0.723404255319149,0.723404255319149,0.725212314720591,0.7262757505446128,"[[15, 0, 3, 6], [2, 19, 1, 2], [1, 0, 20, 2], [3, 0, 6, 14]]",0.6666666666666666,0.625,0.7142857142857143,0.8837209302325582,0.7916666666666666,1.0,0.7547169811320754,0.8695652173913043,0.6666666666666666,0.5957446808510638,0.6086956521739131,0.5833333333333334,{},{}
