,split_id,precision macro average,precision weighted average,recall macro average,recall weighted average,accuracy,F1 macro average,F1 weighted average,CM,F1_concurrency,recall_concurrency,precision_concurrency,F1_memory,recall_memory,precision_memory,F1_other,recall_other,precision_other,F1_semantic,recall_semantic,precision_semantic,params,classifier
0,0,0.7283116883116882,0.7284627617280678,0.7141666666666667,0.7142857142857143,0.7142857142857143,0.717988222957167,0.7180728385570571,"[[15, 1, 1, 7], [3, 19, 1, 2], [0, 1, 19, 4], [4, 0, 4, 17]]",0.6521739130434783,0.625,0.6818181818181818,0.8260869565217391,0.76,0.9047619047619048,0.7755102040816326,0.7916666666666666,0.76,0.6181818181818183,0.68,0.5666666666666667,{},{}
