,split_id,precision macro average,precision weighted average,recall macro average,recall weighted average,accuracy,F1 macro average,F1 weighted average,CM,F1_concurrency,recall_concurrency,precision_concurrency,F1_memory,recall_memory,precision_memory,F1_other,recall_other,precision_other,F1_semantic,recall_semantic,precision_semantic,params,classifier
0,0,0.6873586986490212,0.6886272707778084,0.6808300395256917,0.6777777777777778,0.6777777777777778,0.6688889158007767,0.6679599622874746,"[[16, 1, 2, 3], [3, 16, 3, 1], [0, 0, 20, 2], [7, 1, 6, 9]]",0.6666666666666667,0.7272727272727273,0.6153846153846154,0.7804878048780488,0.6956521739130435,0.8888888888888888,0.7547169811320754,0.9090909090909091,0.6451612903225806,0.47368421052631576,0.391304347826087,0.6,{},{}
