,split_id,precision macro average,precision weighted average,recall macro average,recall weighted average,accuracy,F1 macro average,F1 weighted average,CM,F1_concurrency,recall_concurrency,precision_concurrency,F1_memory,recall_memory,precision_memory,F1_other,recall_other,precision_other,F1_semantic,recall_semantic,precision_semantic,params,classifier
0,0,0.7762442791762014,0.7743561030235162,0.7663043478260869,0.7659574468085106,0.7659574468085106,0.7681109651218347,0.7670095861585223,"[[18, 0, 1, 4], [2, 18, 1, 2], [0, 0, 21, 3], [3, 1, 5, 15]]",0.782608695652174,0.782608695652174,0.782608695652174,0.8571428571428571,0.782608695652174,0.9473684210526315,0.8076923076923077,0.875,0.75,0.625,0.625,0.625,{},{}
