,split_id,precision macro average,precision weighted average,recall macro average,recall weighted average,accuracy,F1 macro average,F1 weighted average,CM,F1_concurrency,recall_concurrency,precision_concurrency,F1_memory,recall_memory,precision_memory,F1_other,recall_other,precision_other,F1_semantic,recall_semantic,precision_semantic,params,classifier
0,0,0.757808014354067,0.7590248755004395,0.74375,0.7448979591836735,0.7448979591836735,0.7435793747496918,0.7446299144766698,"[[19, 1, 1, 3], [3, 18, 2, 2], [0, 0, 22, 3], [3, 0, 7, 14]]",0.7755102040816326,0.7916666666666666,0.76,0.8181818181818181,0.72,0.9473684210526315,0.7719298245614036,0.88,0.6875,0.6086956521739131,0.5833333333333334,0.6363636363636364,{},{}
