,split_id,precision macro average,precision weighted average,recall macro average,recall weighted average,accuracy,F1 macro average,F1 weighted average,CM,F1_concurrency,recall_concurrency,precision_concurrency,F1_memory,recall_memory,precision_memory,F1_other,recall_other,precision_other,F1_semantic,recall_semantic,precision_semantic,params,classifier
0,0,0.7490441176470588,0.7469899874843554,0.7355072463768116,0.7340425531914894,0.7340425531914894,0.7356017406962785,0.7339812520752982,"[[17, 0, 1, 6], [4, 16, 1, 2], [0, 1, 21, 1], [4, 0, 5, 15]]",0.6938775510204083,0.7083333333333334,0.68,0.7999999999999999,0.6956521739130435,0.9411764705882353,0.8235294117647057,0.9130434782608695,0.75,0.625,0.625,0.625,{},{}
