,split_id,precision macro average,precision weighted average,recall macro average,recall weighted average,accuracy,F1 macro average,F1 weighted average,CM,F1_concurrency,recall_concurrency,precision_concurrency,F1_memory,recall_memory,precision_memory,F1_other,recall_other,precision_other,F1_semantic,recall_semantic,precision_semantic,params,classifier
0,0,0.7161721611721612,0.7167690812588773,0.7045833333333333,0.7040816326530612,0.7040816326530612,0.7083196756963654,0.7083395274702605,"[[17, 1, 1, 5], [2, 20, 1, 2], [1, 0, 18, 5], [6, 0, 5, 14]]",0.68,0.7083333333333334,0.6538461538461539,0.8695652173913043,0.8,0.9523809523809523,0.7346938775510204,0.75,0.72,0.5490196078431373,0.56,0.5384615384615384,{},{}
