,split_id,precision macro average,precision weighted average,recall macro average,recall weighted average,accuracy,F1 macro average,F1 weighted average,CM,F1_concurrency,recall_concurrency,precision_concurrency,F1_memory,recall_memory,precision_memory,F1_other,recall_other,precision_other,F1_semantic,recall_semantic,precision_semantic,params,classifier
0,0,0.7240909090909091,0.7235396518375242,0.7101449275362319,0.7127659574468085,0.7127659574468085,0.7073563700191244,0.7083950888415345,"[[19, 1, 1, 3], [4, 17, 0, 2], [0, 0, 21, 3], [2, 0, 11, 10]]",0.7755102040816326,0.7916666666666666,0.76,0.8292682926829269,0.7391304347826086,0.9444444444444444,0.7368421052631579,0.875,0.6363636363636364,0.4878048780487805,0.43478260869565216,0.5555555555555556,{},{}
