,split_id,precision macro average,precision weighted average,recall macro average,recall weighted average,accuracy,F1 macro average,F1 weighted average,CM,F1_concurrency,recall_concurrency,precision_concurrency,F1_memory,recall_memory,precision_memory,F1_other,recall_other,precision_other,F1_semantic,recall_semantic,precision_semantic,params,classifier
0,0,0.7788366977225673,0.7770318610536001,0.7554347826086957,0.7555555555555555,0.7555555555555555,0.7584318858896814,0.7576251090848907,"[[16, 0, 2, 5], [4, 15, 1, 2], [0, 0, 18, 4], [1, 1, 2, 19]]",0.7272727272727272,0.6956521739130435,0.7619047619047619,0.7894736842105263,0.6818181818181818,0.9375,0.8,0.8181818181818182,0.782608695652174,0.7169811320754716,0.8260869565217391,0.6333333333333333,{},{}
