,split_id,precision macro average,precision weighted average,recall macro average,recall weighted average,accuracy,F1 macro average,F1 weighted average,CM,F1_concurrency,recall_concurrency,precision_concurrency,F1_memory,recall_memory,precision_memory,F1_other,recall_other,precision_other,F1_semantic,recall_semantic,precision_semantic,params,classifier
0,0,0.7510122779519331,0.7505905533693501,0.7332427536231884,0.7340425531914894,0.7340425531914894,0.7379502025095728,0.7381411281573976,"[[17, 0, 1, 6], [3, 19, 0, 1], [0, 0, 20, 4], [2, 0, 8, 13]]",0.7391304347826088,0.7083333333333334,0.7727272727272727,0.9047619047619047,0.8260869565217391,1.0,0.7547169811320755,0.8333333333333334,0.6896551724137931,0.5531914893617021,0.5652173913043478,0.5416666666666666,{},{}
