,split_id,precision macro average,precision weighted average,recall macro average,recall weighted average,accuracy,F1 macro average,F1 weighted average,CM,F1_concurrency,recall_concurrency,precision_concurrency,F1_memory,recall_memory,precision_memory,F1_other,recall_other,precision_other,F1_semantic,recall_semantic,precision_semantic,params,classifier
0,0,0.7441246833661694,0.7456494661388938,0.7250905797101449,0.723404255319149,0.723404255319149,0.722453420372637,0.7224210121212647,"[[16, 0, 2, 5], [4, 19, 1, 0], [0, 0, 21, 2], [2, 0, 10, 12]]",0.711111111111111,0.6956521739130435,0.7272727272727273,0.8837209302325582,0.7916666666666666,1.0,0.7368421052631579,0.9130434782608695,0.6176470588235294,0.5581395348837209,0.5,0.631578947368421,{},{}
