,split_id,precision macro average,precision weighted average,recall macro average,recall weighted average,accuracy,F1 macro average,F1 weighted average,CM,F1_concurrency,recall_concurrency,precision_concurrency,F1_memory,recall_memory,precision_memory,F1_other,recall_other,precision_other,F1_semantic,recall_semantic,precision_semantic,params,classifier
0,0,0.6499999999999999,0.6502777777777777,0.6526679841897234,0.6555555555555556,0.6555555555555556,0.644028527762602,0.6456140127293121,"[[10, 6, 3, 3], [2, 13, 2, 5], [0, 1, 21, 1], [4, 0, 4, 15]]",0.5263157894736842,0.45454545454545453,0.625,0.6190476190476191,0.5909090909090909,0.65,0.7924528301886793,0.9130434782608695,0.7,0.6382978723404256,0.6521739130434783,0.625,{},{}
