,split_id,precision macro average,precision weighted average,recall macro average,recall weighted average,accuracy,F1 macro average,F1 weighted average,CM,F1_concurrency,recall_concurrency,precision_concurrency,F1_memory,recall_memory,precision_memory,F1_other,recall_other,precision_other,F1_semantic,recall_semantic,precision_semantic,params,classifier
0,0,0.716540404040404,0.7138271604938271,0.7129446640316206,0.7111111111111111,0.7111111111111111,0.709205160539721,0.7068315570846634,"[[16, 1, 2, 3], [0, 19, 2, 1], [0, 0, 19, 4], [6, 0, 7, 10]]",0.7272727272727273,0.7272727272727273,0.7272727272727273,0.9047619047619048,0.8636363636363636,0.95,0.7169811320754716,0.8260869565217391,0.6333333333333333,0.4878048780487805,0.43478260869565216,0.5555555555555556,{},{}
