,split_id,precision macro average,precision weighted average,recall macro average,recall weighted average,accuracy,F1 macro average,F1 weighted average,CM,F1_concurrency,recall_concurrency,precision_concurrency,F1_memory,recall_memory,precision_memory,F1_other,recall_other,precision_other,F1_semantic,recall_semantic,precision_semantic,params,classifier
0,0,0.6994588744588744,0.701904761904762,0.6783596837944664,0.6777777777777778,0.6777777777777778,0.6792832167832168,0.6801981351981352,"[[13, 0, 4, 6], [5, 17, 0, 1], [0, 0, 19, 3], [3, 0, 7, 12]]",0.5909090909090909,0.5652173913043478,0.6190476190476191,0.85,0.7391304347826086,1.0,0.7307692307692307,0.8636363636363636,0.6333333333333333,0.5454545454545454,0.5454545454545454,0.5454545454545454,{},{}
