,split_id,precision macro average,precision weighted average,recall macro average,recall weighted average,accuracy,F1 macro average,F1 weighted average,CM,F1_concurrency,recall_concurrency,precision_concurrency,F1_memory,recall_memory,precision_memory,F1_other,recall_other,precision_other,F1_semantic,recall_semantic,precision_semantic,params,classifier
0,0,0.7649936868686869,0.7678764687693259,0.735,0.7346938775510204,0.7346938775510204,0.7327197899308187,0.7339790817099451,"[[21, 0, 2, 2], [3, 15, 3, 4], [0, 0, 22, 2], [0, 1, 9, 14]]",0.8571428571428572,0.84,0.875,0.7317073170731707,0.6,0.9375,0.7333333333333334,0.9166666666666666,0.6111111111111112,0.6086956521739131,0.5833333333333334,0.6363636363636364,{},{}
