,split_id,precision macro average,precision weighted average,recall macro average,recall weighted average,accuracy,F1 macro average,F1 weighted average,CM,F1_concurrency,recall_concurrency,precision_concurrency,F1_memory,recall_memory,precision_memory,F1_other,recall_other,precision_other,F1_semantic,recall_semantic,precision_semantic,params,classifier
0,0,0.7753678929765887,0.7772333309613606,0.7658514492753623,0.7659574468085106,0.7659574468085106,0.7678550869090383,0.7688229835330981,"[[19, 0, 1, 3], [3, 18, 0, 3], [0, 1, 19, 4], [3, 1, 3, 16]]",0.7916666666666667,0.8260869565217391,0.76,0.8181818181818182,0.75,0.9,0.8085106382978724,0.7916666666666666,0.8260869565217391,0.6530612244897959,0.6956521739130435,0.6153846153846154,{},{}
