,split_id,precision macro average,precision weighted average,recall macro average,recall weighted average,accuracy,F1 macro average,F1 weighted average,CM,F1_concurrency,recall_concurrency,precision_concurrency,F1_memory,recall_memory,precision_memory,F1_other,recall_other,precision_other,F1_semantic,recall_semantic,precision_semantic,params,classifier
0,0,0.6353937728937729,0.638350479307926,0.5951086956521738,0.5957446808510638,0.5957446808510638,0.6035803167420815,0.6051844453002151,"[[15, 1, 1, 6], [4, 14, 3, 3], [0, 0, 16, 8], [6, 0, 6, 11]]",0.6250000000000001,0.6521739130434783,0.6,0.7179487179487181,0.5833333333333334,0.9333333333333333,0.64,0.6666666666666666,0.6153846153846154,0.4313725490196078,0.4782608695652174,0.39285714285714285,{},{}
