,split_id,precision macro average,precision weighted average,recall macro average,recall weighted average,accuracy,F1 macro average,F1 weighted average,CM,F1_concurrency,recall_concurrency,precision_concurrency,F1_memory,recall_memory,precision_memory,F1_other,recall_other,precision_other,F1_semantic,recall_semantic,precision_semantic,params,classifier
0,0,0.7435666185666185,0.7435666185666187,0.7391304347826086,0.7391304347826086,0.7391304347826086,0.7394949494949495,0.7394949494949495,"[[16, 1, 2, 4], [2, 20, 0, 1], [0, 0, 19, 4], [4, 0, 6, 13]]",0.711111111111111,0.6956521739130435,0.7272727272727273,0.909090909090909,0.8695652173913043,0.9523809523809523,0.76,0.8260869565217391,0.7037037037037037,0.5777777777777778,0.5652173913043478,0.5909090909090909,{},{}
