,split_id,precision macro average,precision weighted average,recall macro average,recall weighted average,accuracy,F1 macro average,F1 weighted average,CM,F1_concurrency,recall_concurrency,precision_concurrency,F1_memory,recall_memory,precision_memory,F1_other,recall_other,precision_other,F1_semantic,recall_semantic,precision_semantic,params,classifier
0,0,0.7156780840991367,0.7171148912470302,0.7033514492753623,0.7021276595744681,0.7021276595744681,0.7037467700258399,0.7038264885370279,"[[15, 0, 3, 5], [6, 18, 0, 0], [0, 0, 20, 3], [6, 1, 4, 13]]",0.6,0.6521739130434783,0.5555555555555556,0.8372093023255814,0.75,0.9473684210526315,0.7999999999999999,0.8695652173913043,0.7407407407407407,0.5777777777777778,0.5416666666666666,0.6190476190476191,{},{}
