,split_id,precision macro average,precision weighted average,recall macro average,recall weighted average,accuracy,F1 macro average,F1 weighted average,CM,F1_concurrency,recall_concurrency,precision_concurrency,F1_memory,recall_memory,precision_memory,F1_other,recall_other,precision_other,F1_semantic,recall_semantic,precision_semantic,params,classifier
0,0,0.7333333333333333,0.7312056737588651,0.7142210144927537,0.7127659574468085,0.7127659574468085,0.7192400862784137,0.7175425478961694,"[[16, 0, 4, 4], [3, 18, 0, 2], [1, 0, 18, 4], [4, 0, 5, 15]]",0.6666666666666666,0.6666666666666666,0.6666666666666666,0.878048780487805,0.782608695652174,1.0,0.72,0.782608695652174,0.6666666666666666,0.6122448979591836,0.625,0.6,{},{}
