,split_id,precision macro average,precision weighted average,recall macro average,recall weighted average,accuracy,F1 macro average,F1 weighted average,CM,F1_concurrency,recall_concurrency,precision_concurrency,F1_memory,recall_memory,precision_memory,F1_other,recall_other,precision_other,F1_semantic,recall_semantic,precision_semantic,params,classifier
0,0,0.726204177323103,0.7269072653215876,0.7104743083003953,0.7111111111111111,0.7111111111111111,0.7103960766696615,0.7109092875445077,"[[17, 1, 3, 1], [2, 15, 2, 4], [1, 1, 19, 2], [3, 0, 6, 13]]",0.7555555555555555,0.7727272727272727,0.7391304347826086,0.75,0.6521739130434783,0.8823529411764706,0.7169811320754716,0.8260869565217391,0.6333333333333333,0.6190476190476191,0.5909090909090909,0.65,{},{}
