,split_id,precision macro average,precision weighted average,recall macro average,recall weighted average,accuracy,F1 macro average,F1 weighted average,CM,F1_concurrency,recall_concurrency,precision_concurrency,F1_memory,recall_memory,precision_memory,F1_other,recall_other,precision_other,F1_semantic,recall_semantic,precision_semantic,params,classifier
0,0,0.7235876429424816,0.7216466594602795,0.7144268774703557,0.7111111111111111,0.7111111111111111,0.7022348291687914,0.6995905717037794,"[[17, 0, 2, 4], [5, 17, 0, 0], [0, 0, 21, 1], [5, 1, 8, 9]]",0.68,0.7391304347826086,0.6296296296296297,0.85,0.7727272727272727,0.9444444444444444,0.7924528301886793,0.9545454545454546,0.6774193548387096,0.4864864864864865,0.391304347826087,0.6428571428571429,{},{}
