,split_id,precision macro average,precision weighted average,recall macro average,recall weighted average,accuracy,F1 macro average,F1 weighted average,CM,F1_concurrency,recall_concurrency,precision_concurrency,F1_memory,recall_memory,precision_memory,F1_other,recall_other,precision_other,F1_semantic,recall_semantic,precision_semantic,params,classifier
0,0,0.6861942118923561,0.6842374734317629,0.6503623188405797,0.648936170212766,0.648936170212766,0.6534237488337855,0.6518642403457112,"[[14, 1, 1, 8], [3, 13, 1, 6], [0, 0, 20, 3], [2, 1, 7, 14]]",0.6511627906976745,0.5833333333333334,0.7368421052631579,0.6842105263157895,0.5652173913043478,0.8666666666666667,0.7692307692307693,0.8695652173913043,0.6896551724137931,0.509090909090909,0.5833333333333334,0.45161290322580644,{},{}
