,split_id,precision macro average,precision weighted average,recall macro average,recall weighted average,accuracy,F1 macro average,F1 weighted average,CM,F1_concurrency,recall_concurrency,precision_concurrency,F1_memory,recall_memory,precision_memory,F1_other,recall_other,precision_other,F1_semantic,recall_semantic,precision_semantic,params,classifier
0,0,0.6757734204793028,0.6786622166597135,0.6580615942028986,0.6595744680851063,0.6595744680851063,0.6602552606408418,0.6623351598034128,"[[14, 0, 1, 8], [6, 15, 2, 1], [0, 1, 20, 3], [5, 1, 4, 13]]",0.5833333333333334,0.6086956521739131,0.56,0.7317073170731708,0.625,0.8823529411764706,0.7843137254901961,0.8333333333333334,0.7407407407407407,0.5416666666666667,0.5652173913043478,0.52,{},{}
