,split_id,precision macro average,precision weighted average,recall macro average,recall weighted average,accuracy,F1 macro average,F1 weighted average,CM,F1_concurrency,recall_concurrency,precision_concurrency,F1_memory,recall_memory,precision_memory,F1_other,recall_other,precision_other,F1_semantic,recall_semantic,precision_semantic,params,classifier
0,0,0.736525974025974,0.7353174603174604,0.733695652173913,0.7333333333333333,0.7333333333333333,0.7319814818104831,0.7311481698622601,"[[15, 1, 3, 3], [2, 18, 1, 1], [0, 0, 20, 3], [5, 1, 4, 13]]",0.6818181818181818,0.6818181818181818,0.6818181818181818,0.8571428571428572,0.8181818181818182,0.9,0.7843137254901961,0.8695652173913043,0.7142857142857143,0.6046511627906976,0.5652173913043478,0.65,{},{}
