,split_id,precision macro average,precision weighted average,recall macro average,recall weighted average,accuracy,F1 macro average,F1 weighted average,CM,F1_concurrency,recall_concurrency,precision_concurrency,F1_memory,recall_memory,precision_memory,F1_other,recall_other,precision_other,F1_semantic,recall_semantic,precision_semantic,params,classifier
0,0,0.7438816831080257,0.7450212383089881,0.7325,0.7346938775510204,0.7346938775510204,0.7309596418883959,0.7325250362300175,"[[19, 0, 1, 4], [3, 20, 0, 2], [0, 0, 22, 3], [1, 1, 11, 11]]",0.8085106382978724,0.7916666666666666,0.8260869565217391,0.8695652173913043,0.8,0.9523809523809523,0.7457627118644068,0.88,0.6470588235294118,0.5,0.4583333333333333,0.55,{},{}
