,split_id,precision macro average,precision weighted average,recall macro average,recall weighted average,accuracy,F1 macro average,F1 weighted average,CM,F1_concurrency,recall_concurrency,precision_concurrency,F1_memory,recall_memory,precision_memory,F1_other,recall_other,precision_other,F1_semantic,recall_semantic,precision_semantic,params,classifier
0,0,0.7179802955665024,0.7163108921729611,0.6778656126482213,0.6777777777777778,0.6777777777777778,0.6801082251082251,0.6795603655603657,"[[18, 0, 2, 3], [5, 13, 2, 2], [2, 0, 17, 3], [2, 0, 8, 13]]",0.72,0.782608695652174,0.6666666666666666,0.7428571428571429,0.5909090909090909,1.0,0.6666666666666667,0.7727272727272727,0.5862068965517241,0.5909090909090909,0.5652173913043478,0.6190476190476191,{},{}
