,split_id,precision macro average,precision weighted average,recall macro average,recall weighted average,accuracy,F1 macro average,F1 weighted average,CM,F1_concurrency,recall_concurrency,precision_concurrency,F1_memory,recall_memory,precision_memory,F1_other,recall_other,precision_other,F1_semantic,recall_semantic,precision_semantic,params,classifier
0,0,0.7559121621621622,0.7542649032010733,0.7314311594202899,0.7340425531914894,0.7340425531914894,0.7248957872991154,0.7253790533058894,"[[17, 0, 4, 3], [2, 18, 1, 2], [0, 0, 24, 0], [5, 0, 8, 10]]",0.7083333333333334,0.7083333333333334,0.7083333333333334,0.878048780487805,0.782608695652174,1.0,0.7868852459016393,1.0,0.6486486486486487,0.5263157894736841,0.43478260869565216,0.6666666666666666,{},{}
