,split_id,precision macro average,precision weighted average,recall macro average,recall weighted average,accuracy,F1 macro average,F1 weighted average,CM,F1_concurrency,recall_concurrency,precision_concurrency,F1_memory,recall_memory,precision_memory,F1_other,recall_other,precision_other,F1_semantic,recall_semantic,precision_semantic,params,classifier
0,0,0.662236343777926,0.663453804837431,0.6385869565217391,0.6382978723404256,0.6382978723404256,0.6431248697102355,0.6435150515171273,"[[16, 2, 1, 5], [5, 14, 1, 4], [1, 0, 16, 6], [4, 1, 4, 14]]",0.64,0.6666666666666666,0.6153846153846154,0.6829268292682927,0.5833333333333334,0.8235294117647058,0.711111111111111,0.6956521739130435,0.7272727272727273,0.5384615384615384,0.6086956521739131,0.4827586206896552,{},{}
