,split_id,precision macro average,precision weighted average,recall macro average,recall weighted average,accuracy,F1 macro average,F1 weighted average,CM,F1_concurrency,recall_concurrency,precision_concurrency,F1_memory,recall_memory,precision_memory,F1_other,recall_other,precision_other,F1_semantic,recall_semantic,precision_semantic,params,classifier
0,0,0.7523809523809524,0.7531584062196307,0.7325,0.7346938775510204,0.7346938775510204,0.7340579710144928,0.7354333037562852,"[[18, 0, 2, 4], [3, 20, 0, 2], [0, 0, 22, 3], [0, 1, 11, 12]]",0.7999999999999999,0.75,0.8571428571428571,0.8695652173913043,0.8,0.9523809523809523,0.7333333333333334,0.88,0.6285714285714286,0.5333333333333333,0.5,0.5714285714285714,{},{}
