,split_id,precision macro average,precision weighted average,recall macro average,recall weighted average,accuracy,F1 macro average,F1 weighted average,CM,F1_concurrency,recall_concurrency,precision_concurrency,F1_memory,recall_memory,precision_memory,F1_other,recall_other,precision_other,F1_semantic,recall_semantic,precision_semantic,params,classifier
0,0,0.6986111111111111,0.6967687074829931,0.6849999999999999,0.6836734693877551,0.6836734693877551,0.6823472823472824,0.6808316400153136,"[[19, 0, 2, 3], [3, 17, 1, 3], [2, 0, 20, 3], [6, 1, 7, 11]]",0.7037037037037038,0.7916666666666666,0.6333333333333333,0.8095238095238096,0.7083333333333334,0.9444444444444444,0.7272727272727272,0.8,0.6666666666666666,0.48888888888888893,0.44,0.55,{},{}
