,split_id,precision macro average,precision weighted average,recall macro average,recall weighted average,accuracy,F1 macro average,F1 weighted average,CM,F1_concurrency,recall_concurrency,precision_concurrency,F1_memory,recall_memory,precision_memory,F1_other,recall_other,precision_other,F1_semantic,recall_semantic,precision_semantic,params,classifier
0,0,0.7007575757575757,0.7004754996776273,0.6816123188405797,0.6808510638297872,0.6808510638297872,0.6808975008443093,0.6801641193673789,"[[14, 3, 1, 5], [6, 13, 0, 5], [0, 0, 19, 4], [2, 0, 4, 18]]",0.6222222222222223,0.6086956521739131,0.6363636363636364,0.65,0.5416666666666666,0.8125,0.8085106382978724,0.8260869565217391,0.7916666666666666,0.6428571428571429,0.75,0.5625,{},{}
