,split_id,precision macro average,precision weighted average,recall macro average,recall weighted average,accuracy,F1 macro average,F1 weighted average,CM,F1_concurrency,recall_concurrency,precision_concurrency,F1_memory,recall_memory,precision_memory,F1_other,recall_other,precision_other,F1_semantic,recall_semantic,precision_semantic,params,classifier
0,0,0.67237058162648,0.6747779410211352,0.6437747035573123,0.6444444444444445,0.6444444444444445,0.6535375249465538,0.6550798849020464,"[[15, 0, 0, 7], [3, 17, 0, 3], [0, 2, 14, 7], [3, 0, 7, 12]]",0.6976744186046512,0.6818181818181818,0.7142857142857143,0.8095238095238095,0.7391304347826086,0.8947368421052632,0.6363636363636365,0.6086956521739131,0.6666666666666666,0.47058823529411764,0.5454545454545454,0.41379310344827586,{},{}
