,split_id,precision macro average,precision weighted average,recall macro average,recall weighted average,accuracy,F1 macro average,F1 weighted average,CM,F1_concurrency,recall_concurrency,precision_concurrency,F1_memory,recall_memory,precision_memory,F1_other,recall_other,precision_other,F1_semantic,recall_semantic,precision_semantic,params,classifier
0,0,0.721608005521049,0.7231408308004053,0.7015398550724637,0.7021276595744681,0.7021276595744681,0.706073817486861,0.7070279011768374,"[[17, 0, 3, 3], [3, 17, 2, 2], [0, 0, 18, 6], [3, 1, 5, 14]]",0.7391304347826085,0.7391304347826086,0.7391304347826086,0.8095238095238096,0.7083333333333334,0.9444444444444444,0.6923076923076924,0.75,0.6428571428571429,0.5833333333333334,0.6086956521739131,0.56,{},{}
