,split_id,precision macro average,precision weighted average,recall macro average,recall weighted average,accuracy,F1 macro average,F1 weighted average,CM,F1_concurrency,recall_concurrency,precision_concurrency,F1_memory,recall_memory,precision_memory,F1_other,recall_other,precision_other,F1_semantic,recall_semantic,precision_semantic,params,classifier
0,0,0.6800925925925926,0.6802797478329393,0.6807065217391304,0.6808510638297872,0.6808510638297872,0.6766645939559757,0.6768311340549894,"[[16, 1, 1, 5], [5, 15, 1, 2], [0, 2, 21, 1], [6, 2, 4, 12]]",0.6399999999999999,0.6956521739130435,0.5925925925925926,0.6976744186046512,0.6521739130434783,0.75,0.823529411764706,0.875,0.7777777777777778,0.5454545454545454,0.5,0.6,{},{}
