,split_id,precision macro average,precision weighted average,recall macro average,recall weighted average,accuracy,F1 macro average,F1 weighted average,CM,F1_concurrency,recall_concurrency,precision_concurrency,F1_memory,recall_memory,precision_memory,F1_other,recall_other,precision_other,F1_semantic,recall_semantic,precision_semantic,params,classifier
0,0,0.7619047619047619,0.7598784194528876,0.7445652173913043,0.7446808510638298,0.7446808510638298,0.7451830333409281,0.7441594799377553,"[[15, 0, 4, 4], [3, 19, 0, 1], [0, 0, 22, 2], [3, 0, 7, 14]]",0.6818181818181819,0.6521739130434783,0.7142857142857143,0.9047619047619047,0.8260869565217391,1.0,0.7719298245614035,0.9166666666666666,0.6666666666666666,0.6222222222222222,0.5833333333333334,0.6666666666666666,{},{}
