,split_id,precision macro average,precision weighted average,recall macro average,recall weighted average,accuracy,F1 macro average,F1 weighted average,CM,F1_concurrency,recall_concurrency,precision_concurrency,F1_memory,recall_memory,precision_memory,F1_other,recall_other,precision_other,F1_semantic,recall_semantic,precision_semantic,params,classifier
0,0,0.7392575642003559,0.740763341526118,0.7341897233201581,0.7333333333333333,0.7333333333333333,0.7321067821067822,0.7324322590989257,"[[14, 1, 1, 7], [3, 18, 0, 2], [0, 0, 21, 1], [4, 0, 5, 13]]",0.6363636363636365,0.6086956521739131,0.6666666666666666,0.8571428571428571,0.782608695652174,0.9473684210526315,0.8571428571428572,0.9545454545454546,0.7777777777777778,0.5777777777777778,0.5909090909090909,0.5652173913043478,{},{}
