,split_id,precision macro average,precision weighted average,recall macro average,recall weighted average,accuracy,F1 macro average,F1 weighted average,CM,F1_concurrency,recall_concurrency,precision_concurrency,F1_memory,recall_memory,precision_memory,F1_other,recall_other,precision_other,F1_semantic,recall_semantic,precision_semantic,params,classifier
0,0,0.7138945746282703,0.714770062457507,0.7120833333333334,0.7142857142857143,0.7142857142857143,0.7087735189422832,0.7102638194866047,"[[18, 0, 2, 4], [3, 19, 0, 3], [0, 0, 22, 3], [1, 4, 8, 11]]",0.7826086956521738,0.75,0.8181818181818182,0.7916666666666667,0.76,0.8260869565217391,0.7719298245614036,0.88,0.6875,0.4888888888888889,0.4583333333333333,0.5238095238095238,{},{}
