,split_id,precision macro average,precision weighted average,recall macro average,recall weighted average,accuracy,F1 macro average,F1 weighted average,CM,F1_concurrency,recall_concurrency,precision_concurrency,F1_memory,recall_memory,precision_memory,F1_other,recall_other,precision_other,F1_semantic,recall_semantic,precision_semantic,params,classifier
0,0,0.7285572882999354,0.7271412411118294,0.7030632411067194,0.7,0.7,0.6921974337387871,0.6900775103782621,"[[16, 0, 3, 4], [6, 15, 1, 0], [0, 0, 22, 0], [4, 1, 8, 10]]",0.6530612244897959,0.6956521739130435,0.6153846153846154,0.7894736842105263,0.6818181818181818,0.9375,0.7857142857142858,1.0,0.6470588235294118,0.5405405405405405,0.43478260869565216,0.7142857142857143,{},{}
