,split_id,precision macro average,precision weighted average,recall macro average,recall weighted average,accuracy,F1 macro average,F1 weighted average,CM,F1_concurrency,recall_concurrency,precision_concurrency,F1_memory,recall_memory,precision_memory,F1_other,recall_other,precision_other,F1_semantic,recall_semantic,precision_semantic,params,classifier
0,0,0.7395726495726497,0.7423949809056192,0.7223731884057971,0.723404255319149,0.723404255319149,0.725765306122449,0.7276197713127805,"[[17, 0, 2, 4], [4, 17, 0, 3], [0, 0, 20, 4], [5, 1, 3, 14]]",0.693877551020408,0.7391304347826086,0.6538461538461539,0.8095238095238096,0.7083333333333334,0.9444444444444444,0.816326530612245,0.8333333333333334,0.8,0.5833333333333334,0.6086956521739131,0.56,{},{}
