,split_id,precision macro average,precision weighted average,recall macro average,recall weighted average,accuracy,F1 macro average,F1 weighted average,CM,F1_concurrency,recall_concurrency,precision_concurrency,F1_memory,recall_memory,precision_memory,F1_other,recall_other,precision_other,F1_semantic,recall_semantic,precision_semantic,params,classifier
0,0,0.712305900621118,0.7104863221884499,0.7028985507246376,0.7021276595744681,0.7021276595744681,0.6946560470257579,0.693128925938661,"[[16, 0, 4, 3], [4, 18, 0, 1], [0, 0, 22, 2], [3, 2, 9, 10]]",0.6956521739130435,0.6956521739130435,0.6956521739130435,0.8372093023255814,0.782608695652174,0.9,0.7457627118644068,0.9166666666666666,0.6285714285714286,0.5,0.4166666666666667,0.625,{},{}
