,split_id,precision macro average,precision weighted average,recall macro average,recall weighted average,accuracy,F1 macro average,F1 weighted average,CM,F1_concurrency,recall_concurrency,precision_concurrency,F1_memory,recall_memory,precision_memory,F1_other,recall_other,precision_other,F1_semantic,recall_semantic,precision_semantic,params,classifier
0,0,0.7534090909090908,0.7518858800773692,0.7472826086956522,0.7446808510638298,0.7446808510638298,0.7451303966270486,0.7431525991039939,"[[16, 0, 3, 5], [2, 19, 0, 2], [0, 1, 21, 1], [4, 0, 6, 14]]",0.6956521739130435,0.6666666666666666,0.7272727272727273,0.8837209302325583,0.8260869565217391,0.95,0.7924528301886793,0.9130434782608695,0.7,0.6086956521739131,0.5833333333333334,0.6363636363636364,{},{}
