,split_id,precision macro average,precision weighted average,recall macro average,recall weighted average,accuracy,F1 macro average,F1 weighted average,CM,F1_concurrency,recall_concurrency,precision_concurrency,F1_memory,recall_memory,precision_memory,F1_other,recall_other,precision_other,F1_semantic,recall_semantic,precision_semantic,params,classifier
0,0,0.7620837017388741,0.759495840776629,0.7354166666666667,0.7346938775510204,0.7346938775510204,0.7386710239651416,0.7371793161709129,"[[21, 0, 1, 2], [3, 16, 2, 3], [1, 0, 19, 5], [2, 0, 7, 16]]",0.823529411764706,0.875,0.7777777777777778,0.8,0.6666666666666666,1.0,0.7037037037037037,0.76,0.6551724137931034,0.6274509803921569,0.64,0.6153846153846154,{},{}
