,split_id,precision macro average,precision weighted average,recall macro average,recall weighted average,accuracy,F1 macro average,F1 weighted average,CM,F1_concurrency,recall_concurrency,precision_concurrency,F1_memory,recall_memory,precision_memory,F1_other,recall_other,precision_other,F1_semantic,recall_semantic,precision_semantic,params,classifier
0,0,0.7515950715950716,0.7518215118215118,0.7445652173913043,0.7446808510638298,0.7446808510638298,0.7467094861660079,0.7468812547304683,"[[18, 1, 1, 3], [3, 20, 0, 1], [1, 0, 16, 6], [3, 1, 4, 16]]",0.7499999999999999,0.782608695652174,0.72,0.8695652173913043,0.8333333333333334,0.9090909090909091,0.7272727272727272,0.6956521739130435,0.7619047619047619,0.64,0.6666666666666666,0.6153846153846154,{},{}
