,split_id,precision macro average,precision weighted average,recall macro average,recall weighted average,accuracy,F1 macro average,F1 weighted average,CM,F1_concurrency,recall_concurrency,precision_concurrency,F1_memory,recall_memory,precision_memory,F1_other,recall_other,precision_other,F1_semantic,recall_semantic,precision_semantic,params,classifier
0,0,0.7926406926406926,0.7946117712075158,0.7871376811594204,0.7872340425531915,0.7872340425531915,0.7845124750374957,0.7856026094467091,"[[18, 1, 1, 4], [2, 20, 0, 2], [0, 0, 22, 1], [2, 0, 7, 14]]",0.7826086956521738,0.75,0.8181818181818182,0.888888888888889,0.8333333333333334,0.9523809523809523,0.8301886792452831,0.9565217391304348,0.7333333333333333,0.6363636363636365,0.6086956521739131,0.6666666666666666,{},{}
