,split_id,precision macro average,precision weighted average,recall macro average,recall weighted average,accuracy,F1 macro average,F1 weighted average,CM,F1_concurrency,recall_concurrency,precision_concurrency,F1_memory,recall_memory,precision_memory,F1_other,recall_other,precision_other,F1_semantic,recall_semantic,precision_semantic,params,classifier
0,0,0.7795138888888888,0.7784426713947991,0.7522644927536232,0.7553191489361702,0.7553191489361702,0.7487609443402127,0.7497624845315557,"[[19, 0, 1, 4], [4, 15, 3, 1], [0, 0, 24, 0], [1, 1, 8, 13]]",0.7916666666666666,0.7916666666666666,0.7916666666666666,0.7692307692307693,0.6521739130434783,0.9375,0.8,1.0,0.6666666666666666,0.6341463414634146,0.5652173913043478,0.7222222222222222,{},{}
