,split_id,precision macro average,precision weighted average,recall macro average,recall weighted average,accuracy,F1 macro average,F1 weighted average,CM,F1_concurrency,recall_concurrency,precision_concurrency,F1_memory,recall_memory,precision_memory,F1_other,recall_other,precision_other,F1_semantic,recall_semantic,precision_semantic,params,classifier
0,0,0.7394794679005205,0.7406148416567321,0.7245833333333334,0.7244897959183674,0.7244897959183674,0.7272139181573143,0.7276526861663557,"[[18, 0, 1, 6], [5, 18, 0, 2], [0, 0, 21, 3], [5, 1, 4, 14]]",0.6792452830188679,0.72,0.6428571428571429,0.8181818181818181,0.72,0.9473684210526315,0.8400000000000001,0.875,0.8076923076923077,0.5714285714285714,0.5833333333333334,0.56,{},{}
