,split_id,precision macro average,precision weighted average,recall macro average,recall weighted average,accuracy,F1 macro average,F1 weighted average,CM,F1_concurrency,recall_concurrency,precision_concurrency,F1_memory,recall_memory,precision_memory,F1_other,recall_other,precision_other,F1_semantic,recall_semantic,precision_semantic,params,classifier
0,0,0.7140796703296703,0.7150763125763125,0.6887351778656127,0.6888888888888889,0.6888888888888889,0.6922672915319975,0.6927039191745076,"[[16, 2, 1, 3], [3, 14, 2, 4], [0, 0, 18, 5], [1, 0, 7, 14]]",0.761904761904762,0.7272727272727273,0.8,0.717948717948718,0.6086956521739131,0.875,0.7058823529411765,0.782608695652174,0.6428571428571429,0.5833333333333334,0.6363636363636364,0.5384615384615384,{},{}
