,split_id,precision macro average,precision weighted average,recall macro average,recall weighted average,accuracy,F1 macro average,F1 weighted average,CM,F1_concurrency,recall_concurrency,precision_concurrency,F1_memory,recall_memory,precision_memory,F1_other,recall_other,precision_other,F1_semantic,recall_semantic,precision_semantic,params,classifier
0,0,0.7394467937023483,0.7425804297679832,0.7223731884057971,0.723404255319149,0.723404255319149,0.7237195474454258,0.7258289181447088,"[[19, 0, 2, 3], [3, 18, 1, 2], [0, 0, 19, 4], [1, 1, 9, 12]]",0.8085106382978724,0.7916666666666666,0.8260869565217391,0.8372093023255814,0.75,0.9473684210526315,0.7037037037037037,0.8260869565217391,0.6129032258064516,0.5454545454545454,0.5217391304347826,0.5714285714285714,{},{}
