,split_id,precision macro average,precision weighted average,recall macro average,recall weighted average,accuracy,F1 macro average,F1 weighted average,CM,F1_concurrency,recall_concurrency,precision_concurrency,F1_memory,recall_memory,precision_memory,F1_other,recall_other,precision_other,F1_semantic,recall_semantic,precision_semantic,params,classifier
0,0,0.7466269841269841,0.743774250440917,0.700592885375494,0.7,0.7,0.7102291456791037,0.7083888979599661,"[[13, 0, 2, 8], [3, 17, 0, 2], [0, 0, 15, 7], [2, 0, 3, 18]]",0.6341463414634146,0.5652173913043478,0.7222222222222222,0.8717948717948718,0.7727272727272727,1.0,0.7142857142857143,0.6818181818181818,0.75,0.6206896551724138,0.782608695652174,0.5142857142857142,{},{}
