,split_id,precision macro average,precision weighted average,recall macro average,recall weighted average,accuracy,F1 macro average,F1 weighted average,CM,F1_concurrency,recall_concurrency,precision_concurrency,F1_memory,recall_memory,precision_memory,F1_other,recall_other,precision_other,F1_semantic,recall_semantic,precision_semantic,params,classifier
0,0,0.7368395493395493,0.7374406457739792,0.7233201581027668,0.7222222222222222,0.7222222222222222,0.7255714252016795,0.7252810932364644,"[[16, 0, 1, 5], [3, 17, 2, 1], [0, 0, 18, 4], [3, 1, 5, 14]]",0.7272727272727273,0.7272727272727273,0.7272727272727273,0.8292682926829269,0.7391304347826086,0.9444444444444444,0.7500000000000001,0.8181818181818182,0.6923076923076923,0.5957446808510638,0.6086956521739131,0.5833333333333334,{},{}
