,split_id,precision macro average,precision weighted average,recall macro average,recall weighted average,accuracy,F1 macro average,F1 weighted average,CM,F1_concurrency,recall_concurrency,precision_concurrency,F1_memory,recall_memory,precision_memory,F1_other,recall_other,precision_other,F1_semantic,recall_semantic,precision_semantic,params,classifier
0,0,0.8210955710955711,0.8225071225071224,0.8107707509881422,0.8111111111111111,0.8111111111111111,0.811439677577384,0.8122340770878871,"[[20, 0, 1, 1], [2, 18, 0, 3], [0, 0, 20, 3], [2, 0, 5, 15]]",0.8695652173913043,0.9090909090909091,0.8333333333333334,0.878048780487805,0.782608695652174,1.0,0.8163265306122449,0.8695652173913043,0.7692307692307693,0.6818181818181818,0.6818181818181818,0.6818181818181818,{},{}
