,split_id,precision macro average,precision weighted average,recall macro average,recall weighted average,accuracy,F1 macro average,F1 weighted average,CM,F1_concurrency,recall_concurrency,precision_concurrency,F1_memory,recall_memory,precision_memory,F1_other,recall_other,precision_other,F1_semantic,recall_semantic,precision_semantic,params,classifier
0,0,0.6698460578323279,0.6730729565482961,0.6367753623188406,0.6382978723404256,0.6382978723404256,0.6482781942642091,0.6506346195581127,"[[14, 1, 1, 7], [2, 18, 1, 3], [0, 0, 16, 8], [6, 0, 5, 12]]",0.6222222222222223,0.6086956521739131,0.6363636363636364,0.8372093023255814,0.75,0.9473684210526315,0.6808510638297872,0.6666666666666666,0.6956521739130435,0.4528301886792453,0.5217391304347826,0.4,{},{}
