,split_id,precision macro average,precision weighted average,recall macro average,recall weighted average,accuracy,F1 macro average,F1 weighted average,CM,F1_concurrency,recall_concurrency,precision_concurrency,F1_memory,recall_memory,precision_memory,F1_other,recall_other,precision_other,F1_semantic,recall_semantic,precision_semantic,params,classifier
0,0,0.7556980056980057,0.7568042674425653,0.7350543478260869,0.7340425531914894,0.7340425531914894,0.7375298391281785,0.7374682286433548,"[[16, 0, 3, 4], [4, 17, 0, 3], [0, 0, 20, 3], [4, 0, 4, 16]]",0.6808510638297872,0.6956521739130435,0.6666666666666666,0.8292682926829268,0.7083333333333334,1.0,0.7999999999999999,0.8695652173913043,0.7407407407407407,0.64,0.6666666666666666,0.6153846153846154,{},{}
