,split_id,precision macro average,precision weighted average,recall macro average,recall weighted average,accuracy,F1 macro average,F1 weighted average,CM,F1_concurrency,recall_concurrency,precision_concurrency,F1_memory,recall_memory,precision_memory,F1_other,recall_other,precision_other,F1_semantic,recall_semantic,precision_semantic,params,classifier
0,0,0.7296626984126984,0.7296737213403879,0.7218379446640317,0.7222222222222222,0.7222222222222222,0.7224308300395257,0.7226394378568292,"[[12, 1, 1, 8], [2, 19, 0, 2], [0, 1, 19, 2], [4, 0, 4, 15]]",0.6,0.5454545454545454,0.6666666666666666,0.8636363636363636,0.8260869565217391,0.9047619047619048,0.8260869565217391,0.8636363636363636,0.7916666666666666,0.6,0.6521739130434783,0.5555555555555556,{},{}
