,split_id,precision macro average,precision weighted average,recall macro average,recall weighted average,accuracy,F1 macro average,F1 weighted average,CM,F1_concurrency,recall_concurrency,precision_concurrency,F1_memory,recall_memory,precision_memory,F1_other,recall_other,precision_other,F1_semantic,recall_semantic,precision_semantic,params,classifier
0,0,0.7098881141323374,0.7114451773240513,0.6862499999999999,0.6836734693877551,0.6836734693877551,0.6741555369339038,0.6737236555294426,"[[15, 0, 5, 4], [3, 18, 2, 2], [0, 0, 24, 0], [4, 1, 10, 10]]",0.6521739130434783,0.625,0.6818181818181818,0.8181818181818181,0.72,0.9473684210526315,0.7384615384615384,1.0,0.5853658536585366,0.48780487804878053,0.4,0.625,{},{}
