,split_id,precision macro average,precision weighted average,recall macro average,recall weighted average,accuracy,F1 macro average,F1 weighted average,CM,F1_concurrency,recall_concurrency,precision_concurrency,F1_memory,recall_memory,precision_memory,F1_other,recall_other,precision_other,F1_semantic,recall_semantic,precision_semantic,params,classifier
0,0,0.7241748605600599,0.7269999033493725,0.6915760869565217,0.6914893617021277,0.6914893617021277,0.6982654740207593,0.6995749132933033,"[[16, 0, 2, 5], [5, 16, 0, 3], [0, 0, 17, 7], [3, 1, 3, 16]]",0.6808510638297872,0.6956521739130435,0.6666666666666666,0.7804878048780487,0.6666666666666666,0.9411764705882353,0.7391304347826088,0.7083333333333334,0.7727272727272727,0.5925925925925926,0.6956521739130435,0.5161290322580645,{},{}
