,split_id,precision macro average,precision weighted average,recall macro average,recall weighted average,accuracy,F1 macro average,F1 weighted average,CM,F1_concurrency,recall_concurrency,precision_concurrency,F1_memory,recall_memory,precision_memory,F1_other,recall_other,precision_other,F1_semantic,recall_semantic,precision_semantic,params,classifier
0,0,0.771957671957672,0.7738905085843862,0.7533333333333333,0.7551020408163265,0.7551020408163265,0.7568627450980393,0.7586501267173537,"[[16, 0, 2, 6], [3, 20, 0, 2], [0, 0, 22, 3], [2, 0, 6, 16]]",0.7111111111111111,0.6666666666666666,0.7619047619047619,0.888888888888889,0.8,1.0,0.8,0.88,0.7333333333333333,0.627450980392157,0.6666666666666666,0.5925925925925926,{},{}
