,split_id,precision macro average,precision weighted average,recall macro average,recall weighted average,accuracy,F1 macro average,F1 weighted average,CM,F1_concurrency,recall_concurrency,precision_concurrency,F1_memory,recall_memory,precision_memory,F1_other,recall_other,precision_other,F1_semantic,recall_semantic,precision_semantic,params,classifier
0,0,0.7789074960127592,0.7789074960127591,0.7708333333333334,0.7708333333333334,0.7708333333333334,0.7667189966828092,0.7667189966828092,"[[17, 1, 3, 3], [3, 20, 0, 1], [0, 0, 23, 1], [2, 1, 7, 14]]",0.7391304347826088,0.7083333333333334,0.7727272727272727,0.8695652173913043,0.8333333333333334,0.9090909090909091,0.8070175438596493,0.9583333333333334,0.696969696969697,0.6511627906976745,0.5833333333333334,0.7368421052631579,{},{}
