,split_id,precision macro average,precision weighted average,recall macro average,recall weighted average,accuracy,F1 macro average,F1 weighted average,CM,F1_concurrency,recall_concurrency,precision_concurrency,F1_memory,recall_memory,precision_memory,F1_other,recall_other,precision_other,F1_semantic,recall_semantic,precision_semantic,params,classifier
0,0,0.7119152046783626,0.7122059779077323,0.700098814229249,0.7,0.7,0.7024632350858544,0.7025987213895708,"[[14, 0, 2, 7], [4, 16, 1, 1], [0, 1, 18, 4], [2, 2, 3, 15]]",0.6511627906976744,0.6086956521739131,0.7,0.7804878048780488,0.7272727272727273,0.8421052631578947,0.7659574468085107,0.782608695652174,0.75,0.6122448979591836,0.6818181818181818,0.5555555555555556,{},{}
