,split_id,precision macro average,precision weighted average,recall macro average,recall weighted average,accuracy,F1 macro average,F1 weighted average,CM,F1_concurrency,recall_concurrency,precision_concurrency,F1_memory,recall_memory,precision_memory,F1_other,recall_other,precision_other,F1_semantic,recall_semantic,precision_semantic,params,classifier
0,0,0.7370472494553377,0.7394899005701572,0.7223731884057971,0.723404255319149,0.723404255319149,0.7164693149987267,0.7182704029387385,"[[19, 0, 2, 3], [3, 18, 0, 3], [1, 0, 21, 1], [4, 0, 9, 10]]",0.7450980392156864,0.7916666666666666,0.7037037037037037,0.8571428571428571,0.75,1.0,0.7636363636363634,0.9130434782608695,0.65625,0.5,0.43478260869565216,0.5882352941176471,{},{}
