,split_id,precision macro average,precision weighted average,recall macro average,recall weighted average,accuracy,F1 macro average,F1 weighted average,CM,F1_concurrency,recall_concurrency,precision_concurrency,F1_memory,recall_memory,precision_memory,F1_other,recall_other,precision_other,F1_semantic,recall_semantic,precision_semantic,params,classifier
0,0,0.7378494327023739,0.7356556205116906,0.7246376811594202,0.723404255319149,0.723404255319149,0.7239966555183945,0.7223795630826159,"[[19, 0, 0, 5], [5, 16, 1, 1], [0, 0, 20, 3], [4, 1, 6, 13]]",0.7307692307692307,0.7916666666666666,0.6785714285714286,0.7999999999999999,0.6956521739130435,0.9411764705882353,0.7999999999999999,0.8695652173913043,0.7407407407407407,0.5652173913043478,0.5416666666666666,0.5909090909090909,{},{}
