,split_id,precision macro average,precision weighted average,recall macro average,recall weighted average,accuracy,F1 macro average,F1 weighted average,CM,F1_concurrency,recall_concurrency,precision_concurrency,F1_memory,recall_memory,precision_memory,F1_other,recall_other,precision_other,F1_semantic,recall_semantic,precision_semantic,params,classifier
0,0,0.7577573392790784,0.7590073908914489,0.7450592885375493,0.7444444444444445,0.7444444444444445,0.7472656710262755,0.7475444143330323,"[[17, 0, 1, 5], [2, 16, 2, 3], [0, 0, 19, 3], [4, 2, 1, 15]]",0.7391304347826085,0.7391304347826086,0.7391304347826086,0.7804878048780488,0.6956521739130435,0.8888888888888888,0.8444444444444444,0.8636363636363636,0.8260869565217391,0.6249999999999999,0.6818181818181818,0.5769230769230769,{},{}
