,split_id,precision macro average,precision weighted average,recall macro average,recall weighted average,accuracy,F1 macro average,F1 weighted average,CM,F1_concurrency,recall_concurrency,precision_concurrency,F1_memory,recall_memory,precision_memory,F1_other,recall_other,precision_other,F1_semantic,recall_semantic,precision_semantic,params,classifier
0,0,0.7180894048743018,0.7169979143663354,0.7124505928853755,0.7111111111111111,0.7111111111111111,0.7128151879344881,0.7116501053899428,"[[17, 0, 2, 4], [3, 16, 1, 2], [0, 0, 18, 4], [2, 3, 5, 13]]",0.7555555555555555,0.7391304347826086,0.7727272727272727,0.7804878048780488,0.7272727272727273,0.8421052631578947,0.7500000000000001,0.8181818181818182,0.6923076923076923,0.5652173913043478,0.5652173913043478,0.5652173913043478,{},{}
