,split_id,precision macro average,precision weighted average,recall macro average,recall weighted average,accuracy,F1 macro average,F1 weighted average,CM,F1_concurrency,recall_concurrency,precision_concurrency,F1_memory,recall_memory,precision_memory,F1_other,recall_other,precision_other,F1_semantic,recall_semantic,precision_semantic,params,classifier
0,0,0.6999387911859307,0.6996526610943087,0.6882411067193676,0.6888888888888889,0.6888888888888889,0.6920745533985952,0.6922657915921563,"[[15, 0, 1, 7], [3, 18, 0, 1], [0, 1, 18, 4], [4, 0, 7, 11]]",0.6666666666666666,0.6521739130434783,0.6818181818181818,0.8780487804878049,0.8181818181818182,0.9473684210526315,0.7346938775510203,0.782608695652174,0.6923076923076923,0.4888888888888889,0.5,0.4782608695652174,{},{}
