,split_id,precision macro average,precision weighted average,recall macro average,recall weighted average,accuracy,F1 macro average,F1 weighted average,CM,F1_concurrency,recall_concurrency,precision_concurrency,F1_memory,recall_memory,precision_memory,F1_other,recall_other,precision_other,F1_semantic,recall_semantic,precision_semantic,params,classifier
0,0,0.7463541666666667,0.745162037037037,0.708498023715415,0.7111111111111111,0.7111111111111111,0.712156519603328,0.7129910383811092,"[[19, 0, 1, 3], [4, 14, 3, 1], [0, 0, 19, 4], [1, 0, 9, 12]]",0.8085106382978724,0.8260869565217391,0.7916666666666666,0.7777777777777778,0.6363636363636364,1.0,0.6909090909090908,0.8260869565217391,0.59375,0.5714285714285713,0.5454545454545454,0.6,{},{}
