,split_id,precision macro average,precision weighted average,recall macro average,recall weighted average,accuracy,F1 macro average,F1 weighted average,CM,F1_concurrency,recall_concurrency,precision_concurrency,F1_memory,recall_memory,precision_memory,F1_other,recall_other,precision_other,F1_semantic,recall_semantic,precision_semantic,params,classifier
0,0,0.6919634074365532,0.6937480677889885,0.6525,0.6530612244897959,0.6530612244897959,0.655538225748287,0.6563850762086298,"[[19, 0, 3, 2], [4, 15, 2, 4], [0, 0, 19, 6], [3, 0, 10, 11]]",0.76,0.7916666666666666,0.7307692307692307,0.7499999999999999,0.6,1.0,0.6440677966101696,0.76,0.5588235294117647,0.4680851063829787,0.4583333333333333,0.4782608695652174,{},{}
