,split_id,precision macro average,precision weighted average,recall macro average,recall weighted average,accuracy,F1 macro average,F1 weighted average,CM,F1_concurrency,recall_concurrency,precision_concurrency,F1_memory,recall_memory,precision_memory,F1_other,recall_other,precision_other,F1_semantic,recall_semantic,precision_semantic,params,classifier
0,0,0.7906468531468531,0.7890566879928581,0.7771739130434783,0.776595744680851,0.776595744680851,0.778356301326306,0.7773260206676164,"[[19, 0, 1, 3], [4, 18, 0, 1], [0, 0, 21, 3], [3, 0, 6, 15]]",0.7755102040816326,0.8260869565217391,0.7307692307692307,0.878048780487805,0.782608695652174,1.0,0.8076923076923077,0.875,0.75,0.6521739130434783,0.625,0.6818181818181818,{},{}
