,split_id,precision macro average,precision weighted average,recall macro average,recall weighted average,accuracy,F1 macro average,F1 weighted average,CM,F1_concurrency,recall_concurrency,precision_concurrency,F1_memory,recall_memory,precision_memory,F1_other,recall_other,precision_other,F1_semantic,recall_semantic,precision_semantic,params,classifier
0,0,0.7289130434782609,0.7289130434782609,0.717391304347826,0.717391304347826,0.717391304347826,0.7216307574812296,0.7216307574812297,"[[16, 0, 1, 6], [2, 20, 0, 1], [0, 0, 18, 5], [5, 0, 6, 12]]",0.6956521739130435,0.6956521739130435,0.6956521739130435,0.9302325581395349,0.8695652173913043,1.0,0.7499999999999999,0.782608695652174,0.72,0.5106382978723404,0.5217391304347826,0.5,{},{}
