,split_id,precision macro average,precision weighted average,recall macro average,recall weighted average,accuracy,F1 macro average,F1 weighted average,CM,F1_concurrency,recall_concurrency,precision_concurrency,F1_memory,recall_memory,precision_memory,F1_other,recall_other,precision_other,F1_semantic,recall_semantic,precision_semantic,params,classifier
0,0,0.655559352927774,0.6585352269562796,0.6111660079051383,0.6111111111111112,0.6111111111111112,0.6218878989227827,0.62333271810016,"[[13, 0, 4, 5], [4, 17, 0, 2], [0, 0, 11, 12], [4, 0, 4, 14]]",0.6046511627906977,0.5909090909090909,0.6190476190476191,0.85,0.7391304347826086,1.0,0.5238095238095238,0.4782608695652174,0.5789473684210527,0.5090909090909091,0.6363636363636364,0.42424242424242425,{},{}
