,split_id,precision macro average,precision weighted average,recall macro average,recall weighted average,accuracy,F1 macro average,F1 weighted average,CM,F1_concurrency,recall_concurrency,precision_concurrency,F1_memory,recall_memory,precision_memory,F1_other,recall_other,precision_other,F1_semantic,recall_semantic,precision_semantic,params,classifier
0,0,0.7516025641025641,0.7509274413529732,0.7210144927536233,0.723404255319149,0.723404255319149,0.7166027736713171,0.7173440551132677,"[[17, 0, 4, 3], [2, 18, 2, 1], [0, 0, 23, 1], [1, 2, 10, 10]]",0.7727272727272727,0.7083333333333334,0.85,0.8372093023255814,0.782608695652174,0.9,0.7301587301587301,0.9583333333333334,0.5897435897435898,0.5263157894736841,0.43478260869565216,0.6666666666666666,{},{}
