,split_id,precision macro average,precision weighted average,recall macro average,recall weighted average,accuracy,F1 macro average,F1 weighted average,CM,F1_concurrency,recall_concurrency,precision_concurrency,F1_memory,recall_memory,precision_memory,F1_other,recall_other,precision_other,F1_semantic,recall_semantic,precision_semantic,params,classifier
0,0,0.7478937728937729,0.746126568466994,0.723731884057971,0.723404255319149,0.723404255319149,0.7131756452441886,0.7117061692962109,"[[16, 0, 4, 3], [2, 18, 2, 1], [0, 0, 24, 0], [3, 2, 9, 10]]",0.7272727272727272,0.6956521739130435,0.7619047619047619,0.8372093023255814,0.782608695652174,0.9,0.761904761904762,1.0,0.6153846153846154,0.5263157894736842,0.4166666666666667,0.7142857142857143,{},{}
