,split_id,precision macro average,precision weighted average,recall macro average,recall weighted average,accuracy,F1 macro average,F1 weighted average,CM,F1_concurrency,recall_concurrency,precision_concurrency,F1_memory,recall_memory,precision_memory,F1_other,recall_other,precision_other,F1_semantic,recall_semantic,precision_semantic,params,classifier
0,0,0.7548998377605456,0.7545968820537303,0.7432065217391304,0.7446808510638298,0.7446808510638298,0.7453260706798442,0.7459189590462171,"[[19, 1, 1, 3], [3, 18, 0, 2], [0, 0, 20, 4], [2, 0, 8, 13]]",0.7916666666666666,0.7916666666666666,0.7916666666666666,0.8571428571428571,0.782608695652174,0.9473684210526315,0.7547169811320755,0.8333333333333334,0.6896551724137931,0.5777777777777778,0.5652173913043478,0.5909090909090909,{},{}
