,split_id,precision macro average,precision weighted average,recall macro average,recall weighted average,accuracy,F1 macro average,F1 weighted average,CM,F1_concurrency,recall_concurrency,precision_concurrency,F1_memory,recall_memory,precision_memory,F1_other,recall_other,precision_other,F1_semantic,recall_semantic,precision_semantic,params,classifier
0,0,0.6375931731104145,0.6372131439116032,0.6286231884057971,0.6276595744680851,0.6276595744680851,0.6282157831686133,0.6274567809192457,"[[13, 4, 1, 5], [5, 18, 0, 0], [1, 1, 13, 9], [3, 2, 4, 15]]",0.5777777777777778,0.5652173913043478,0.5909090909090909,0.7499999999999999,0.782608695652174,0.72,0.619047619047619,0.5416666666666666,0.7222222222222222,0.5660377358490567,0.625,0.5172413793103449,{},{}
