,split_id,precision macro average,precision weighted average,recall macro average,recall weighted average,accuracy,F1 macro average,F1 weighted average,CM,F1_concurrency,recall_concurrency,precision_concurrency,F1_memory,recall_memory,precision_memory,F1_other,recall_other,precision_other,F1_semantic,recall_semantic,precision_semantic,params,classifier
0,0,0.787373949579832,0.7881251167133521,0.7672924901185771,0.7666666666666667,0.7666666666666667,0.769702380952381,0.7697275132275132,"[[19, 0, 1, 3], [2, 15, 1, 5], [1, 0, 18, 3], [3, 2, 0, 17]]",0.7916666666666667,0.8260869565217391,0.76,0.75,0.6521739130434783,0.8823529411764706,0.8571428571428572,0.8181818181818182,0.9,0.68,0.7727272727272727,0.6071428571428571,{},{}
