,split_id,precision macro average,precision weighted average,recall macro average,recall weighted average,accuracy,F1 macro average,F1 weighted average,CM,F1_concurrency,recall_concurrency,precision_concurrency,F1_memory,recall_memory,precision_memory,F1_other,recall_other,precision_other,F1_semantic,recall_semantic,precision_semantic,params,classifier
0,0,0.7521794871794872,0.7508074195308239,0.712409420289855,0.7127659574468085,0.7127659574468085,0.7136783895948317,0.7135523622000653,"[[19, 0, 1, 4], [3, 13, 3, 4], [2, 0, 19, 2], [1, 0, 7, 16]]",0.7755102040816326,0.7916666666666666,0.76,0.7222222222222222,0.5652173913043478,1.0,0.7169811320754716,0.8260869565217391,0.6333333333333333,0.64,0.6666666666666666,0.6153846153846154,{},{}
