,split_id,precision macro average,precision weighted average,recall macro average,recall weighted average,accuracy,F1 macro average,F1 weighted average,CM,F1_concurrency,recall_concurrency,precision_concurrency,F1_memory,recall_memory,precision_memory,F1_other,recall_other,precision_other,F1_semantic,recall_semantic,precision_semantic,params,classifier
0,0,0.6965534465534466,0.699499480111725,0.6825,0.6836734693877551,0.6836734693877551,0.6866939443535188,0.6887457830922877,"[[16, 0, 2, 7], [3, 21, 0, 1], [0, 0, 18, 6], [3, 1, 8, 12]]",0.6808510638297872,0.64,0.7272727272727273,0.8936170212765958,0.84,0.9545454545454546,0.6923076923076924,0.75,0.6428571428571429,0.48000000000000004,0.5,0.46153846153846156,{},{}
