,split_id,precision macro average,precision weighted average,recall macro average,recall weighted average,accuracy,F1 macro average,F1 weighted average,CM,F1_concurrency,recall_concurrency,precision_concurrency,F1_memory,recall_memory,precision_memory,F1_other,recall_other,precision_other,F1_semantic,recall_semantic,precision_semantic,params,classifier
0,0,0.7331917515341428,0.7345397258961089,0.7096920289855072,0.7127659574468085,0.7127659574468085,0.7031713831428729,0.7051933649422313,"[[15, 0, 4, 4], [4, 17, 2, 1], [0, 0, 24, 0], [4, 1, 7, 11]]",0.6521739130434783,0.6521739130434783,0.6521739130434783,0.8095238095238096,0.7083333333333334,0.9444444444444444,0.7868852459016393,1.0,0.6486486486486487,0.5641025641025642,0.4782608695652174,0.6875,{},{}
