,split_id,precision macro average,precision weighted average,recall macro average,recall weighted average,accuracy,F1 macro average,F1 weighted average,CM,F1_concurrency,recall_concurrency,precision_concurrency,F1_memory,recall_memory,precision_memory,F1_other,recall_other,precision_other,F1_semantic,recall_semantic,precision_semantic,params,classifier
0,0,0.7649985883681536,0.7649985883681536,0.75,0.75,0.75,0.7535277879267649,0.7535277879267648,"[[17, 0, 1, 5], [1, 19, 2, 1], [1, 0, 19, 3], [3, 0, 6, 14]]",0.7555555555555555,0.7391304347826086,0.7727272727272727,0.9047619047619047,0.8260869565217391,1.0,0.7450980392156864,0.8260869565217391,0.6785714285714286,0.6086956521739131,0.6086956521739131,0.6086956521739131,{},{}
