,split_id,precision macro average,precision weighted average,recall macro average,recall weighted average,accuracy,F1 macro average,F1 weighted average,CM,F1_concurrency,recall_concurrency,precision_concurrency,F1_memory,recall_memory,precision_memory,F1_other,recall_other,precision_other,F1_semantic,recall_semantic,precision_semantic,params,classifier
0,0,0.7361336580086579,0.7351521164021164,0.724308300395257,0.7222222222222222,0.7222222222222222,0.7227388979307138,0.7210571184995739,"[[13, 2, 1, 7], [1, 20, 0, 1], [0, 2, 16, 4], [2, 0, 5, 16]]",0.6666666666666667,0.5652173913043478,0.8125,0.8695652173913043,0.9090909090909091,0.8333333333333334,0.7272727272727273,0.7272727272727273,0.7272727272727273,0.6274509803921569,0.6956521739130435,0.5714285714285714,{},{}
