,split_id,precision macro average,precision weighted average,recall macro average,recall weighted average,accuracy,F1 macro average,F1 weighted average,CM,F1_concurrency,recall_concurrency,precision_concurrency,F1_memory,recall_memory,precision_memory,F1_other,recall_other,precision_other,F1_semantic,recall_semantic,precision_semantic,params,classifier
0,0,0.7533492822966508,0.7552950558213716,0.7445652173913043,0.7444444444444445,0.7444444444444445,0.7411216831948538,0.7421126299175079,"[[15, 0, 2, 6], [4, 19, 0, 0], [0, 0, 21, 1], [3, 0, 7, 12]]",0.6666666666666666,0.6521739130434783,0.6818181818181818,0.9047619047619047,0.8260869565217391,1.0,0.8076923076923077,0.9545454545454546,0.7,0.5853658536585366,0.5454545454545454,0.631578947368421,{},{}
