,split_id,precision macro average,precision weighted average,recall macro average,recall weighted average,accuracy,F1 macro average,F1 weighted average,CM,F1_concurrency,recall_concurrency,precision_concurrency,F1_memory,recall_memory,precision_memory,F1_other,recall_other,precision_other,F1_semantic,recall_semantic,precision_semantic,params,classifier
0,0,0.7638836831584208,0.7666911225238445,0.7441123188405797,0.7446808510638298,0.7446808510638298,0.7470686016881669,0.7487140519055412,"[[19, 0, 2, 3], [3, 18, 1, 2], [0, 0, 19, 4], [2, 0, 7, 14]]",0.7916666666666666,0.7916666666666666,0.7916666666666666,0.8571428571428571,0.75,1.0,0.7307692307692308,0.8260869565217391,0.6551724137931034,0.6086956521739131,0.6086956521739131,0.6086956521739131,{},{}
