,split_id,precision macro average,precision weighted average,recall macro average,recall weighted average,accuracy,F1 macro average,F1 weighted average,CM,F1_concurrency,recall_concurrency,precision_concurrency,F1_memory,recall_memory,precision_memory,F1_other,recall_other,precision_other,F1_semantic,recall_semantic,precision_semantic,params,classifier
0,0,0.7349500754673167,0.7371125043538838,0.7145833333333333,0.7142857142857143,0.7142857142857143,0.7193845556421419,0.7202867765599483,"[[15, 0, 2, 8], [2, 20, 1, 2], [0, 0, 20, 4], [5, 0, 4, 15]]",0.6382978723404256,0.6,0.6818181818181818,0.888888888888889,0.8,1.0,0.7843137254901961,0.8333333333333334,0.7407407407407407,0.5660377358490567,0.625,0.5172413793103449,{},{}
