,split_id,precision macro average,precision weighted average,recall macro average,recall weighted average,accuracy,F1 macro average,F1 weighted average,CM,F1_concurrency,recall_concurrency,precision_concurrency,F1_memory,recall_memory,precision_memory,F1_other,recall_other,precision_other,F1_semantic,recall_semantic,precision_semantic,params,classifier
0,0,0.6931818181818181,0.6932098765432099,0.6660079051383399,0.6666666666666666,0.6666666666666666,0.671258314855876,0.6714781966001478,"[[11, 2, 1, 8], [4, 16, 0, 3], [0, 0, 17, 5], [3, 0, 4, 16]]",0.55,0.5,0.6111111111111112,0.7804878048780488,0.6956521739130435,0.8888888888888888,0.7727272727272727,0.7727272727272727,0.7727272727272727,0.5818181818181818,0.6956521739130435,0.5,{},{}
