,split_id,precision macro average,precision weighted average,recall macro average,recall weighted average,accuracy,F1 macro average,F1 weighted average,CM,F1_concurrency,recall_concurrency,precision_concurrency,F1_memory,recall_memory,precision_memory,F1_other,recall_other,precision_other,F1_semantic,recall_semantic,precision_semantic,params,classifier
0,0,0.695547385620915,0.6946669447921011,0.6784420289855072,0.6808510638297872,0.6808510638297872,0.6748665081989803,0.6756161329193531,"[[17, 0, 3, 4], [3, 17, 2, 1], [0, 0, 21, 3], [4, 1, 9, 9]]",0.7083333333333334,0.7083333333333334,0.7083333333333334,0.8292682926829269,0.7391304347826086,0.9444444444444444,0.711864406779661,0.875,0.6,0.45,0.391304347826087,0.5294117647058824,{},{}
