,split_id,precision macro average,precision weighted average,recall macro average,recall weighted average,accuracy,F1 macro average,F1 weighted average,CM,F1_concurrency,recall_concurrency,precision_concurrency,F1_memory,recall_memory,precision_memory,F1_other,recall_other,precision_other,F1_semantic,recall_semantic,precision_semantic,params,classifier
0,0,0.6795838420838421,0.6796833190450211,0.6707427536231885,0.6702127659574468,0.6702127659574468,0.6720415438902834,0.6718039246646434,"[[13, 3, 1, 6], [4, 17, 0, 3], [0, 0, 19, 4], [4, 0, 6, 14]]",0.5909090909090909,0.5652173913043478,0.6190476190476191,0.7727272727272727,0.7083333333333334,0.85,0.7755102040816326,0.8260869565217391,0.7307692307692307,0.5490196078431373,0.5833333333333334,0.5185185185185185,{},{}
