,split_id,precision macro average,precision weighted average,recall macro average,recall weighted average,accuracy,F1 macro average,F1 weighted average,CM,F1_concurrency,recall_concurrency,precision_concurrency,F1_memory,recall_memory,precision_memory,F1_other,recall_other,precision_other,F1_semantic,recall_semantic,precision_semantic,params,classifier
0,0,0.7103519668737059,0.711826593991634,0.6854166666666667,0.6836734693877551,0.6836734693877551,0.686800468050468,0.6865717898881164,"[[18, 0, 1, 5], [4, 17, 3, 1], [1, 0, 19, 4], [5, 0, 7, 13]]",0.6923076923076924,0.75,0.6428571428571429,0.8095238095238095,0.68,1.0,0.7037037037037038,0.7916666666666666,0.6333333333333333,0.5416666666666667,0.52,0.5652173913043478,{},{}
