,split_id,precision macro average,precision weighted average,recall macro average,recall weighted average,accuracy,F1 macro average,F1 weighted average,CM,F1_concurrency,recall_concurrency,precision_concurrency,F1_memory,recall_memory,precision_memory,F1_other,recall_other,precision_other,F1_semantic,recall_semantic,precision_semantic,params,classifier
0,0,0.7230090311986863,0.7254951241580376,0.7125,0.7142857142857143,0.7142857142857143,0.7123219373219374,0.714413628699343,"[[20, 0, 1, 4], [4, 20, 0, 1], [0, 0, 19, 5], [5, 0, 8, 11]]",0.7407407407407408,0.8,0.6896551724137931,0.888888888888889,0.8,1.0,0.7307692307692307,0.7916666666666666,0.6785714285714286,0.4888888888888889,0.4583333333333333,0.5238095238095238,{},{}
