,split_id,precision macro average,precision weighted average,recall macro average,recall weighted average,accuracy,F1 macro average,F1 weighted average,CM,F1_concurrency,recall_concurrency,precision_concurrency,F1_memory,recall_memory,precision_memory,F1_other,recall_other,precision_other,F1_semantic,recall_semantic,precision_semantic,params,classifier
0,0,0.729312762973352,0.7286115007012622,0.6862648221343873,0.6888888888888889,0.6888888888888889,0.6906257188865884,0.6917930629041741,"[[18, 0, 1, 4], [3, 13, 3, 3], [0, 0, 19, 4], [2, 0, 8, 12]]",0.782608695652174,0.782608695652174,0.782608695652174,0.7428571428571429,0.5909090909090909,1.0,0.7037037037037037,0.8260869565217391,0.6129032258064516,0.5333333333333332,0.5454545454545454,0.5217391304347826,{},{}
