,split_id,precision macro average,precision weighted average,recall macro average,recall weighted average,accuracy,F1 macro average,F1 weighted average,CM,F1_concurrency,recall_concurrency,precision_concurrency,F1_memory,recall_memory,precision_memory,F1_other,recall_other,precision_other,F1_semantic,recall_semantic,precision_semantic,params,classifier
0,0,0.6738464082214082,0.6741167525889749,0.6803359683794467,0.6777777777777778,0.6777777777777778,0.6697484063555492,0.6685791721506007,"[[16, 1, 1, 4], [4, 17, 1, 1], [0, 1, 19, 2], [7, 2, 5, 9]]",0.6530612244897959,0.7272727272727273,0.5925925925925926,0.7727272727272727,0.7391304347826086,0.8095238095238095,0.7916666666666666,0.8636363636363636,0.7307692307692307,0.46153846153846156,0.391304347826087,0.5625,{},{}
