,split_id,precision macro average,precision weighted average,recall macro average,recall weighted average,accuracy,F1 macro average,F1 weighted average,CM,F1_concurrency,recall_concurrency,precision_concurrency,F1_memory,recall_memory,precision_memory,F1_other,recall_other,precision_other,F1_semantic,recall_semantic,precision_semantic,params,classifier
0,0,0.7326357466063348,0.730220467892558,0.6915760869565217,0.6914893617021277,0.6914893617021277,0.6930037244076652,0.6918819883917882,"[[18, 0, 3, 2], [4, 14, 3, 2], [1, 0, 20, 3], [3, 0, 8, 13]]",0.7346938775510203,0.782608695652174,0.6923076923076923,0.7567567567567568,0.6086956521739131,1.0,0.6896551724137931,0.8333333333333334,0.5882352941176471,0.5909090909090908,0.5416666666666666,0.65,{},{}
