,split_id,precision macro average,precision weighted average,recall macro average,recall weighted average,accuracy,F1 macro average,F1 weighted average,CM,F1_concurrency,recall_concurrency,precision_concurrency,F1_memory,recall_memory,precision_memory,F1_other,recall_other,precision_other,F1_semantic,recall_semantic,precision_semantic,params,classifier
0,0,0.8095238095238095,0.8102836879432624,0.7980072463768116,0.7978723404255319,0.7978723404255319,0.8007130124777184,0.801052451928547,"[[19, 1, 1, 2], [1, 18, 0, 5], [0, 1, 20, 3], [1, 1, 3, 18]]",0.8636363636363636,0.8260869565217391,0.9047619047619048,0.7999999999999999,0.75,0.8571428571428571,0.8333333333333334,0.8333333333333334,0.8333333333333334,0.7058823529411765,0.782608695652174,0.6428571428571429,{},{}
