,split_id,precision macro average,precision weighted average,recall macro average,recall weighted average,accuracy,F1 macro average,F1 weighted average,CM,F1_concurrency,recall_concurrency,precision_concurrency,F1_memory,recall_memory,precision_memory,F1_other,recall_other,precision_other,F1_semantic,recall_semantic,precision_semantic,params,classifier
0,0,0.754356452726018,0.7549382716049382,0.7445652173913043,0.7444444444444445,0.7444444444444445,0.7444466403162056,0.7447676767676767,"[[14, 1, 1, 6], [2, 20, 1, 0], [0, 0, 19, 3], [2, 0, 7, 14]]",0.7000000000000001,0.6363636363636364,0.7777777777777778,0.909090909090909,0.8695652173913043,0.9523809523809523,0.76,0.8636363636363636,0.6785714285714286,0.6086956521739131,0.6086956521739131,0.6086956521739131,{},{}
