,split_id,precision macro average,precision weighted average,recall macro average,recall weighted average,accuracy,F1 macro average,F1 weighted average,CM,F1_concurrency,recall_concurrency,precision_concurrency,F1_memory,recall_memory,precision_memory,F1_other,recall_other,precision_other,F1_semantic,recall_semantic,precision_semantic,params,classifier
0,0,0.6428454715219422,0.6453111031646702,0.6349637681159419,0.6382978723404256,0.6382978723404256,0.6258530386550581,0.6285760322344098,"[[14, 0, 4, 5], [4, 16, 1, 3], [1, 0, 22, 1], [5, 2, 8, 8]]",0.5957446808510638,0.6086956521739131,0.5833333333333334,0.761904761904762,0.6666666666666666,0.8888888888888888,0.7457627118644068,0.9166666666666666,0.6285714285714286,0.39999999999999997,0.34782608695652173,0.47058823529411764,{},{}
