,split_id,precision macro average,precision weighted average,recall macro average,recall weighted average,accuracy,F1 macro average,F1 weighted average,CM,F1_concurrency,recall_concurrency,precision_concurrency,F1_memory,recall_memory,precision_memory,F1_other,recall_other,precision_other,F1_semantic,recall_semantic,precision_semantic,params,classifier
0,0,0.701989966555184,0.7039934533551555,0.6902173913043478,0.6914893617021277,0.6914893617021277,0.693875164690382,0.6954754996776273,"[[16, 1, 1, 5], [4, 18, 1, 1], [0, 0, 18, 6], [3, 1, 6, 13]]",0.6956521739130435,0.6956521739130435,0.6956521739130435,0.8181818181818182,0.75,0.9,0.7199999999999999,0.75,0.6923076923076923,0.5416666666666667,0.5652173913043478,0.52,{},{}
