,split_id,precision macro average,precision weighted average,recall macro average,recall weighted average,accuracy,F1 macro average,F1 weighted average,CM,F1_concurrency,recall_concurrency,precision_concurrency,F1_memory,recall_memory,precision_memory,F1_other,recall_other,precision_other,F1_semantic,recall_semantic,precision_semantic,params,classifier
0,0,0.7639492753623188,0.763004933703361,0.7545289855072463,0.7553191489361702,0.7553191489361702,0.7553166499232804,0.7552161045323268,"[[17, 1, 3, 3], [3, 19, 0, 1], [0, 0, 21, 3], [3, 0, 6, 14]]",0.723404255319149,0.7083333333333334,0.7391304347826086,0.8837209302325583,0.8260869565217391,0.95,0.7777777777777777,0.875,0.7,0.6363636363636365,0.6086956521739131,0.6666666666666666,{},{}
