,split_id,precision macro average,precision weighted average,recall macro average,recall weighted average,accuracy,F1 macro average,F1 weighted average,CM,F1_concurrency,recall_concurrency,precision_concurrency,F1_memory,recall_memory,precision_memory,F1_other,recall_other,precision_other,F1_semantic,recall_semantic,precision_semantic,params,classifier
0,0,0.6303964495025214,0.6338053144114398,0.6204166666666666,0.6224489795918368,0.6224489795918368,0.6230178643115214,0.6257450290433315,"[[15, 1, 3, 6], [3, 21, 0, 1], [0, 0, 16, 8], [4, 1, 10, 9]]",0.6382978723404256,0.6,0.6818181818181818,0.8749999999999999,0.84,0.9130434782608695,0.6037735849056604,0.6666666666666666,0.5517241379310345,0.375,0.375,0.375,{},{}
