,split_id,precision macro average,precision weighted average,recall macro average,recall weighted average,accuracy,F1 macro average,F1 weighted average,CM,F1_concurrency,recall_concurrency,precision_concurrency,F1_memory,recall_memory,precision_memory,F1_other,recall_other,precision_other,F1_semantic,recall_semantic,precision_semantic,params,classifier
0,0,0.6996173492977648,0.6982526734158123,0.6721014492753623,0.6702127659574468,0.6702127659574468,0.6745547702285049,0.6730480553318694,"[[15, 1, 1, 7], [2, 15, 2, 4], [0, 0, 20, 3], [2, 1, 8, 13]]",0.6976744186046512,0.625,0.7894736842105263,0.75,0.6521739130434783,0.8823529411764706,0.7407407407407407,0.8695652173913043,0.6451612903225806,0.5098039215686274,0.5416666666666666,0.48148148148148145,{},{}
