,split_id,precision macro average,precision weighted average,recall macro average,recall weighted average,accuracy,F1 macro average,F1 weighted average,CM,F1_concurrency,recall_concurrency,precision_concurrency,F1_memory,recall_memory,precision_memory,F1_other,recall_other,precision_other,F1_semantic,recall_semantic,precision_semantic,params,classifier
0,0,0.7590567791762014,0.7613106468182483,0.7445652173913043,0.7446808510638298,0.7446808510638298,0.7428635688902883,0.7441129264578789,"[[18, 0, 2, 4], [3, 18, 2, 1], [0, 0, 21, 2], [2, 1, 7, 13]]",0.7659574468085107,0.75,0.782608695652174,0.8372093023255814,0.75,0.9473684210526315,0.7636363636363634,0.9130434782608695,0.65625,0.6046511627906976,0.5652173913043478,0.65,{},{}
