,split_id,precision macro average,precision weighted average,recall macro average,recall weighted average,accuracy,F1 macro average,F1 weighted average,CM,F1_concurrency,recall_concurrency,precision_concurrency,F1_memory,recall_memory,precision_memory,F1_other,recall_other,precision_other,F1_semantic,recall_semantic,precision_semantic,params,classifier
0,0,0.7629953379953379,0.7629953379953379,0.7604166666666666,0.7604166666666666,0.7604166666666666,0.7555624568668047,0.7555624568668047,"[[19, 0, 2, 3], [3, 21, 0, 0], [0, 0, 21, 3], [4, 1, 7, 12]]",0.76,0.7916666666666666,0.7307692307692307,0.9130434782608695,0.875,0.9545454545454546,0.7777777777777777,0.875,0.7,0.5714285714285715,0.5,0.6666666666666666,{},{}
