,split_id,precision macro average,precision weighted average,recall macro average,recall weighted average,accuracy,F1 macro average,F1 weighted average,CM,F1_concurrency,recall_concurrency,precision_concurrency,F1_memory,recall_memory,precision_memory,F1_other,recall_other,precision_other,F1_semantic,recall_semantic,precision_semantic,params,classifier
0,0,0.6850241545893719,0.6842327063418645,0.6680253623188406,0.6702127659574468,0.6702127659574468,0.6652520383840693,0.6659138617228068,"[[16, 0, 3, 5], [3, 17, 2, 1], [0, 0, 21, 3], [4, 1, 9, 9]]",0.6808510638297872,0.6666666666666666,0.6956521739130435,0.8292682926829269,0.7391304347826086,0.9444444444444444,0.711864406779661,0.875,0.6,0.4390243902439025,0.391304347826087,0.5,{},{}
