,split_id,precision macro average,precision weighted average,recall macro average,recall weighted average,accuracy,F1 macro average,F1 weighted average,CM,F1_concurrency,recall_concurrency,precision_concurrency,F1_memory,recall_memory,precision_memory,F1_other,recall_other,precision_other,F1_semantic,recall_semantic,precision_semantic,params,classifier
0,0,0.7448463268365817,0.746168582375479,0.7228260869565217,0.7222222222222222,0.7222222222222222,0.7267281249721522,0.7270979936690124,"[[15, 0, 3, 4], [1, 18, 3, 1], [0, 0, 18, 4], [4, 0, 5, 14]]",0.7142857142857143,0.6818181818181818,0.75,0.878048780487805,0.782608695652174,1.0,0.7058823529411765,0.8181818181818182,0.6206896551724138,0.6086956521739131,0.6086956521739131,0.6086956521739131,{},{}
