,split_id,precision macro average,precision weighted average,recall macro average,recall weighted average,accuracy,F1 macro average,F1 weighted average,CM,F1_concurrency,recall_concurrency,precision_concurrency,F1_memory,recall_memory,precision_memory,F1_other,recall_other,precision_other,F1_semantic,recall_semantic,precision_semantic,params,classifier
0,0,0.8036270843073088,0.804904507125171,0.791501976284585,0.7888888888888889,0.7888888888888889,0.7855959502991258,0.7849404305363809,"[[18, 0, 1, 3], [3, 17, 2, 1], [0, 0, 22, 0], [2, 1, 6, 14]]",0.8,0.8181818181818182,0.782608695652174,0.8292682926829269,0.7391304347826086,0.9444444444444444,0.8301886792452831,1.0,0.7096774193548387,0.6829268292682927,0.6086956521739131,0.7777777777777778,{},{}
