,split_id,precision macro average,precision weighted average,recall macro average,recall weighted average,accuracy,F1 macro average,F1 weighted average,CM,F1_concurrency,recall_concurrency,precision_concurrency,F1_memory,recall_memory,precision_memory,F1_other,recall_other,precision_other,F1_semantic,recall_semantic,precision_semantic,params,classifier
0,0,0.7595844171931129,0.7585153822434116,0.7450181159420289,0.7446808510638298,0.7446808510638298,0.7479899069124277,0.7473514154748232,"[[19, 0, 1, 3], [3, 16, 0, 4], [0, 1, 19, 4], [4, 1, 3, 16]]",0.7755102040816326,0.8260869565217391,0.7307692307692307,0.7804878048780488,0.6956521739130435,0.8888888888888888,0.8085106382978724,0.7916666666666666,0.8260869565217391,0.627450980392157,0.6666666666666666,0.5925925925925926,{},{}
