,split_id,precision macro average,precision weighted average,recall macro average,recall weighted average,accuracy,F1 macro average,F1 weighted average,CM,F1_concurrency,recall_concurrency,precision_concurrency,F1_memory,recall_memory,precision_memory,F1_other,recall_other,precision_other,F1_semantic,recall_semantic,precision_semantic,params,classifier
0,0,0.7496212121212121,0.7506184291898578,0.7433333333333334,0.7448979591836735,0.7448979591836735,0.7436131668208449,0.7448507617663161,"[[18, 0, 2, 4], [3, 19, 0, 3], [0, 0, 22, 3], [1, 3, 6, 14]]",0.7826086956521738,0.75,0.8181818181818182,0.8085106382978724,0.76,0.8636363636363636,0.8,0.88,0.7333333333333333,0.5833333333333334,0.5833333333333334,0.5833333333333334,{},{}
