,split_id,precision macro average,precision weighted average,recall macro average,recall weighted average,accuracy,F1 macro average,F1 weighted average,CM,F1_concurrency,recall_concurrency,precision_concurrency,F1_memory,recall_memory,precision_memory,F1_other,recall_other,precision_other,F1_semantic,recall_semantic,precision_semantic,params,classifier
0,0,0.7341628959276018,0.7331573655103066,0.6897233201581028,0.6888888888888889,0.6888888888888889,0.6867346938775512,0.6862018140589569,"[[19, 0, 2, 2], [5, 13, 2, 2], [1, 0, 19, 2], [1, 0, 11, 11]]",0.7755102040816326,0.8260869565217391,0.7307692307692307,0.7428571428571429,0.5909090909090909,1.0,0.6785714285714287,0.8636363636363636,0.5588235294117647,0.55,0.4782608695652174,0.6470588235294118,{},{}
