,split_id,precision macro average,precision weighted average,recall macro average,recall weighted average,accuracy,F1 macro average,F1 weighted average,CM,F1_concurrency,recall_concurrency,precision_concurrency,F1_memory,recall_memory,precision_memory,F1_other,recall_other,precision_other,F1_semantic,recall_semantic,precision_semantic,params,classifier
0,0,0.7364030896639592,0.7354284284186681,0.7366666666666667,0.7346938775510204,0.7346938775510204,0.7338036118168894,0.7323290804972099,"[[16, 3, 0, 6], [1, 22, 0, 1], [0, 3, 18, 3], [4, 0, 5, 16]]",0.6956521739130435,0.64,0.7619047619047619,0.8461538461538461,0.9166666666666666,0.7857142857142857,0.7659574468085107,0.75,0.782608695652174,0.6274509803921569,0.64,0.6153846153846154,{},{}
