,split_id,precision macro average,precision weighted average,recall macro average,recall weighted average,accuracy,F1 macro average,F1 weighted average,CM,F1_concurrency,recall_concurrency,precision_concurrency,F1_memory,recall_memory,precision_memory,F1_other,recall_other,precision_other,F1_semantic,recall_semantic,precision_semantic,params,classifier
0,0,0.6922720797720797,0.6931703070591959,0.6921936758893281,0.6888888888888889,0.6888888888888889,0.6757400038130934,0.6744473606046142,"[[18, 1, 2, 1], [4, 17, 1, 1], [0, 0, 19, 3], [8, 2, 5, 8]]",0.6923076923076923,0.8181818181818182,0.6,0.7906976744186046,0.7391304347826086,0.85,0.7755102040816326,0.8636363636363636,0.7037037037037037,0.4444444444444444,0.34782608695652173,0.6153846153846154,{},{}
