,split_id,precision macro average,precision weighted average,recall macro average,recall weighted average,accuracy,F1 macro average,F1 weighted average,CM,F1_concurrency,recall_concurrency,precision_concurrency,F1_memory,recall_memory,precision_memory,F1_other,recall_other,precision_other,F1_semantic,recall_semantic,precision_semantic,params,classifier
0,0,0.7022725081935608,0.7051830681449942,0.6897644927536232,0.6914893617021277,0.6914893617021277,0.690968992248062,0.693259112650503,"[[19, 0, 2, 3], [3, 18, 1, 2], [1, 0, 17, 5], [3, 1, 8, 11]]",0.76,0.7916666666666666,0.7307692307692307,0.8372093023255814,0.75,0.9473684210526315,0.6666666666666666,0.7391304347826086,0.6071428571428571,0.5,0.4782608695652174,0.5238095238095238,{},{}
