,split_id,precision macro average,precision weighted average,recall macro average,recall weighted average,accuracy,F1 macro average,F1 weighted average,CM,F1_concurrency,recall_concurrency,precision_concurrency,F1_memory,recall_memory,precision_memory,F1_other,recall_other,precision_other,F1_semantic,recall_semantic,precision_semantic,params,classifier
0,0,0.8003903990746096,0.7982938114517062,0.7766798418972332,0.7777777777777778,0.7777777777777778,0.7814277681053661,0.7809761386313959,"[[15, 0, 2, 5], [2, 17, 1, 2], [0, 0, 20, 3], [2, 0, 3, 18]]",0.7317073170731707,0.6818181818181818,0.7894736842105263,0.8717948717948718,0.7727272727272727,1.0,0.8163265306122449,0.8695652173913043,0.7692307692307693,0.7058823529411765,0.782608695652174,0.6428571428571429,{},{}
