,split_id,precision macro average,precision weighted average,recall macro average,recall weighted average,accuracy,F1 macro average,F1 weighted average,CM,F1_concurrency,recall_concurrency,precision_concurrency,F1_memory,recall_memory,precision_memory,F1_other,recall_other,precision_other,F1_semantic,recall_semantic,precision_semantic,params,classifier
0,0,0.77205748199663,0.7709855116743037,0.745018115942029,0.7446808510638298,0.7446808510638298,0.750377358490566,0.7497470895222803,"[[19, 0, 1, 3], [3, 16, 0, 4], [0, 1, 18, 5], [5, 0, 2, 17]]",0.76,0.8260869565217391,0.7037037037037037,0.7999999999999999,0.6956521739130435,0.9411764705882353,0.7999999999999999,0.75,0.8571428571428571,0.6415094339622641,0.7083333333333334,0.5862068965517241,{},{}
