,split_id,precision macro average,precision weighted average,recall macro average,recall weighted average,accuracy,F1 macro average,F1 weighted average,CM,F1_concurrency,recall_concurrency,precision_concurrency,F1_memory,recall_memory,precision_memory,F1_other,recall_other,precision_other,F1_semantic,recall_semantic,precision_semantic,params,classifier
0,0,0.7362637362637363,0.7336286162816775,0.7045833333333333,0.7040816326530612,0.7040816326530612,0.710754716981132,0.7093415479399308,"[[19, 0, 1, 4], [3, 16, 2, 3], [0, 0, 19, 6], [4, 0, 6, 15]]",0.76,0.7916666666666666,0.7307692307692307,0.8,0.6666666666666666,1.0,0.7169811320754718,0.76,0.6785714285714286,0.5660377358490566,0.6,0.5357142857142857,{},{}
