,split_id,precision macro average,precision weighted average,recall macro average,recall weighted average,accuracy,F1 macro average,F1 weighted average,CM,F1_concurrency,recall_concurrency,precision_concurrency,F1_memory,recall_memory,precision_memory,F1_other,recall_other,precision_other,F1_semantic,recall_semantic,precision_semantic,params,classifier
0,0,0.6732804232804233,0.6741916519694298,0.6783596837944664,0.6777777777777778,0.6777777777777778,0.6728977003063382,0.6730959332288237,"[[12, 3, 1, 7], [4, 18, 0, 1], [0, 0, 20, 2], [5, 0, 6, 11]]",0.5454545454545454,0.5217391304347826,0.5714285714285714,0.8181818181818182,0.782608695652174,0.8571428571428571,0.8163265306122449,0.9090909090909091,0.7407407407407407,0.5116279069767442,0.5,0.5238095238095238,{},{}
