,split_id,precision macro average,precision weighted average,recall macro average,recall weighted average,accuracy,F1 macro average,F1 weighted average,CM,F1_concurrency,recall_concurrency,precision_concurrency,F1_memory,recall_memory,precision_memory,F1_other,recall_other,precision_other,F1_semantic,recall_semantic,precision_semantic,params,classifier
0,0,0.760956510049069,0.7591884659884814,0.7567934782608696,0.7553191489361702,0.7553191489361702,0.7519338055538143,0.7503032178300353,"[[20, 0, 1, 2], [3, 18, 0, 2], [0, 0, 21, 3], [4, 1, 7, 12]]",0.7999999999999999,0.8695652173913043,0.7407407407407407,0.8571428571428571,0.782608695652174,0.9473684210526315,0.7924528301886793,0.875,0.7241379310344828,0.5581395348837209,0.5,0.631578947368421,{},{}
