,split_id,precision macro average,precision weighted average,recall macro average,recall weighted average,accuracy,F1 macro average,F1 weighted average,CM,F1_concurrency,recall_concurrency,precision_concurrency,F1_memory,recall_memory,precision_memory,F1_other,recall_other,precision_other,F1_semantic,recall_semantic,precision_semantic,params,classifier
0,0,0.7655870445344131,0.763463691963132,0.7567934782608696,0.7553191489361702,0.7553191489361702,0.754047355376259,0.7522156809284822,"[[19, 0, 1, 3], [3, 19, 0, 1], [0, 0, 21, 3], [4, 0, 8, 12]]",0.7755102040816326,0.8260869565217391,0.7307692307692307,0.9047619047619047,0.8260869565217391,1.0,0.7777777777777777,0.875,0.7,0.5581395348837209,0.5,0.631578947368421,{},{}
