,split_id,precision macro average,precision weighted average,recall macro average,recall weighted average,accuracy,F1 macro average,F1 weighted average,CM,F1_concurrency,recall_concurrency,precision_concurrency,F1_memory,recall_memory,precision_memory,F1_other,recall_other,precision_other,F1_semantic,recall_semantic,precision_semantic,params,classifier
0,0,0.7445286195286194,0.7465792678558637,0.7241847826086956,0.723404255319149,0.723404255319149,0.7273291925465838,0.727910664728426,"[[15, 0, 1, 8], [4, 18, 1, 1], [0, 0, 20, 3], [3, 0, 5, 15]]",0.6521739130434783,0.625,0.6818181818181818,0.8571428571428571,0.75,1.0,0.7999999999999999,0.8695652173913043,0.7407407407407407,0.6,0.6521739130434783,0.5555555555555556,{},{}
