,split_id,precision macro average,precision weighted average,recall macro average,recall weighted average,accuracy,F1 macro average,F1 weighted average,CM,F1_concurrency,recall_concurrency,precision_concurrency,F1_memory,recall_memory,precision_memory,F1_other,recall_other,precision_other,F1_semantic,recall_semantic,precision_semantic,params,classifier
0,0,0.7453971134733385,0.7477010942616998,0.7332427536231884,0.7340425531914894,0.7340425531914894,0.733599457021384,0.7351475484295164,"[[19, 0, 3, 2], [4, 18, 0, 2], [0, 0, 19, 4], [2, 1, 7, 13]]",0.7755102040816326,0.7916666666666666,0.76,0.8372093023255814,0.75,0.9473684210526315,0.7307692307692308,0.8260869565217391,0.6551724137931034,0.5909090909090909,0.5652173913043478,0.6190476190476191,{},{}
