,split_id,precision macro average,precision weighted average,recall macro average,recall weighted average,accuracy,F1 macro average,F1 weighted average,CM,F1_concurrency,recall_concurrency,precision_concurrency,F1_memory,recall_memory,precision_memory,F1_other,recall_other,precision_other,F1_semantic,recall_semantic,precision_semantic,params,classifier
0,0,0.722270256916996,0.7248549323017408,0.6997282608695652,0.7021276595744681,0.7021276595744681,0.7006055479809457,0.7028797126877043,"[[14, 0, 3, 6], [2, 17, 2, 3], [1, 0, 22, 1], [5, 0, 5, 13]]",0.6222222222222223,0.6086956521739131,0.6363636363636364,0.8292682926829268,0.7083333333333334,1.0,0.7857142857142857,0.9166666666666666,0.6875,0.5652173913043478,0.5652173913043478,0.5652173913043478,{},{}
