,split_id,precision macro average,precision weighted average,recall macro average,recall weighted average,accuracy,F1 macro average,F1 weighted average,CM,F1_concurrency,recall_concurrency,precision_concurrency,F1_memory,recall_memory,precision_memory,F1_other,recall_other,precision_other,F1_semantic,recall_semantic,precision_semantic,params,classifier
0,0,0.7400661228525522,0.7374906975704552,0.7006340579710145,0.7021276595744681,0.7021276595744681,0.7068894903225322,0.7064545947764559,"[[13, 0, 4, 6], [2, 16, 1, 4], [0, 0, 20, 4], [3, 0, 4, 17]]",0.6341463414634146,0.5652173913043478,0.7222222222222222,0.8205128205128205,0.6956521739130435,1.0,0.7547169811320755,0.8333333333333334,0.6896551724137931,0.6181818181818182,0.7083333333333334,0.5483870967741935,{},{}
