,split_id,precision macro average,precision weighted average,recall macro average,recall weighted average,accuracy,F1 macro average,F1 weighted average,CM,F1_concurrency,recall_concurrency,precision_concurrency,F1_memory,recall_memory,precision_memory,F1_other,recall_other,precision_other,F1_semantic,recall_semantic,precision_semantic,params,classifier
0,0,0.7474280528908478,0.7476468868429328,0.7341485507246377,0.7340425531914894,0.7340425531914894,0.7358569514805802,0.7358381116345837,"[[15, 2, 1, 5], [5, 17, 0, 2], [0, 0, 19, 4], [1, 0, 5, 18]]",0.6818181818181819,0.6521739130434783,0.7142857142857143,0.7906976744186046,0.7083333333333334,0.8947368421052632,0.7916666666666667,0.8260869565217391,0.76,0.679245283018868,0.75,0.6206896551724138,{},{}
