,split_id,precision macro average,precision weighted average,recall macro average,recall weighted average,accuracy,F1 macro average,F1 weighted average,CM,F1_concurrency,recall_concurrency,precision_concurrency,F1_memory,recall_memory,precision_memory,F1_other,recall_other,precision_other,F1_semantic,recall_semantic,precision_semantic,params,classifier
0,0,0.6982151835093011,0.698705123074871,0.6866666666666666,0.6836734693877551,0.6836734693877551,0.6798200124743831,0.67854962567759,"[[19, 0, 1, 4], [2, 17, 2, 4], [1, 0, 21, 2], [4, 1, 10, 10]]",0.76,0.7916666666666666,0.7307692307692307,0.7906976744186047,0.68,0.9444444444444444,0.7241379310344829,0.875,0.6176470588235294,0.4444444444444445,0.4,0.5,{},{}
