,split_id,precision macro average,precision weighted average,recall macro average,recall weighted average,accuracy,F1 macro average,F1 weighted average,CM,F1_concurrency,recall_concurrency,precision_concurrency,F1_memory,recall_memory,precision_memory,F1_other,recall_other,precision_other,F1_semantic,recall_semantic,precision_semantic,params,classifier
0,0,0.7409313725490195,0.7426470588235294,0.7166666666666667,0.7142857142857143,0.7142857142857143,0.7129511574744841,0.7125572724984904,"[[18, 0, 1, 5], [4, 17, 3, 1], [1, 0, 22, 1], [4, 0, 8, 13]]",0.7058823529411765,0.75,0.6666666666666666,0.8095238095238095,0.68,1.0,0.7586206896551724,0.9166666666666666,0.6470588235294118,0.5777777777777778,0.52,0.65,{},{}
