,split_id,precision macro average,precision weighted average,recall macro average,recall weighted average,accuracy,F1 macro average,F1 weighted average,CM,F1_concurrency,recall_concurrency,precision_concurrency,F1_memory,recall_memory,precision_memory,F1_other,recall_other,precision_other,F1_semantic,recall_semantic,precision_semantic,params,classifier
0,0,0.73,0.7272340425531915,0.6920289855072463,0.6914893617021277,0.6914893617021277,0.6996832358674464,0.6981927336070675,"[[16, 0, 2, 6], [4, 15, 1, 3], [0, 0, 18, 5], [4, 0, 4, 16]]",0.6666666666666666,0.6666666666666666,0.6666666666666666,0.7894736842105263,0.6521739130434783,1.0,0.7499999999999999,0.782608695652174,0.72,0.5925925925925926,0.6666666666666666,0.5333333333333333,{},{}
