,split_id,precision macro average,precision weighted average,recall macro average,recall weighted average,accuracy,F1 macro average,F1 weighted average,CM,F1_concurrency,recall_concurrency,precision_concurrency,F1_memory,recall_memory,precision_memory,F1_other,recall_other,precision_other,F1_semantic,recall_semantic,precision_semantic,params,classifier
0,0,0.720719537815126,0.719157875916324,0.6997282608695652,0.7021276595744681,0.7021276595744681,0.6973901098901099,0.6978664952069208,"[[17, 0, 2, 5], [6, 16, 1, 0], [1, 0, 22, 1], [4, 1, 7, 11]]",0.6538461538461539,0.7083333333333334,0.6071428571428571,0.7999999999999999,0.6956521739130435,0.9411764705882353,0.7857142857142857,0.9166666666666666,0.6875,0.55,0.4782608695652174,0.6470588235294118,{},{}
