,split_id,precision macro average,precision weighted average,recall macro average,recall weighted average,accuracy,F1 macro average,F1 weighted average,CM,F1_concurrency,recall_concurrency,precision_concurrency,F1_memory,recall_memory,precision_memory,F1_other,recall_other,precision_other,F1_semantic,recall_semantic,precision_semantic,params,classifier
0,0,0.7857954545454545,0.7857591876208897,0.7758152173913044,0.776595744680851,0.776595744680851,0.7780799514793664,0.7784431546749594,"[[18, 0, 1, 5], [3, 19, 0, 1], [0, 0, 21, 3], [1, 1, 6, 15]]",0.7826086956521738,0.75,0.8181818181818182,0.8837209302325583,0.8260869565217391,0.95,0.8076923076923077,0.875,0.75,0.6382978723404256,0.6521739130434783,0.625,{},{}
