,split_id,precision macro average,precision weighted average,recall macro average,recall weighted average,accuracy,F1 macro average,F1 weighted average,CM,F1_concurrency,recall_concurrency,precision_concurrency,F1_memory,recall_memory,precision_memory,F1_other,recall_other,precision_other,F1_semantic,recall_semantic,precision_semantic,params,classifier
0,0,0.7385616819827346,0.7392301676176257,0.723731884057971,0.723404255319149,0.723404255319149,0.7250341997264022,0.7251894325270931,"[[14, 1, 2, 6], [3, 18, 1, 2], [0, 0, 20, 3], [3, 0, 5, 16]]",0.6511627906976744,0.6086956521739131,0.7,0.8372093023255814,0.75,0.9473684210526315,0.7843137254901961,0.8695652173913043,0.7142857142857143,0.627450980392157,0.6666666666666666,0.5925925925925926,{},{}
