,split_id,precision macro average,precision weighted average,recall macro average,recall weighted average,accuracy,F1 macro average,F1 weighted average,CM,F1_concurrency,recall_concurrency,precision_concurrency,F1_memory,recall_memory,precision_memory,F1_other,recall_other,precision_other,F1_semantic,recall_semantic,precision_semantic,params,classifier
0,0,0.7142105263157895,0.7134826427771557,0.7128623188405797,0.7127659574468085,0.7127659574468085,0.7115221088435374,0.7111466927196411,"[[14, 2, 1, 6], [2, 19, 1, 1], [0, 2, 19, 3], [3, 2, 4, 15]]",0.6666666666666666,0.6086956521739131,0.7368421052631579,0.7916666666666667,0.8260869565217391,0.76,0.7755102040816326,0.7916666666666666,0.76,0.6122448979591836,0.625,0.6,{},{}
