,split_id,precision macro average,precision weighted average,recall macro average,recall weighted average,accuracy,F1 macro average,F1 weighted average,CM,F1_concurrency,recall_concurrency,precision_concurrency,F1_memory,recall_memory,precision_memory,F1_other,recall_other,precision_other,F1_semantic,recall_semantic,precision_semantic,params,classifier
0,0,0.7622023809523809,0.7651849037487336,0.7441123188405796,0.7446808510638298,0.7446808510638298,0.7452020202020202,0.7470341715022566,"[[18, 0, 2, 4], [2, 19, 2, 1], [0, 0, 20, 3], [0, 2, 8, 13]]",0.8181818181818182,0.75,0.9,0.8444444444444444,0.7916666666666666,0.9047619047619048,0.7272727272727273,0.8695652173913043,0.625,0.5909090909090909,0.5652173913043478,0.6190476190476191,{},{}
