,split_id,precision macro average,precision weighted average,recall macro average,recall weighted average,accuracy,F1 macro average,F1 weighted average,CM,F1_concurrency,recall_concurrency,precision_concurrency,F1_memory,recall_memory,precision_memory,F1_other,recall_other,precision_other,F1_semantic,recall_semantic,precision_semantic,params,classifier
0,0,0.6640734265734266,0.6637296037296037,0.6551383399209486,0.6555555555555556,0.6555555555555556,0.6583951762523191,0.6584278155706726,"[[15, 0, 1, 7], [3, 19, 0, 0], [0, 1, 16, 6], [4, 0, 9, 9]]",0.6666666666666666,0.6521739130434783,0.6818181818181818,0.9047619047619048,0.8636363636363636,0.95,0.6530612244897959,0.6956521739130435,0.6153846153846154,0.4090909090909091,0.4090909090909091,0.4090909090909091,{},{}
