,split_id,precision macro average,precision weighted average,recall macro average,recall weighted average,accuracy,F1 macro average,F1 weighted average,CM,F1_concurrency,recall_concurrency,precision_concurrency,F1_memory,recall_memory,precision_memory,F1_other,recall_other,precision_other,F1_semantic,recall_semantic,precision_semantic,params,classifier
0,0,0.7148844333054859,0.7161354923952907,0.7038043478260869,0.7021276595744681,0.7021276595744681,0.7025287070430709,0.7022904776142834,"[[16, 0, 2, 5], [6, 18, 0, 0], [0, 0, 20, 3], [6, 1, 5, 12]]",0.6274509803921569,0.6956521739130435,0.5714285714285714,0.8372093023255814,0.75,0.9473684210526315,0.7999999999999999,0.8695652173913043,0.7407407407407407,0.5454545454545454,0.5,0.6,{},{}
