,split_id,precision macro average,precision weighted average,recall macro average,recall weighted average,accuracy,F1 macro average,F1 weighted average,CM,F1_concurrency,recall_concurrency,precision_concurrency,F1_memory,recall_memory,precision_memory,F1_other,recall_other,precision_other,F1_semantic,recall_semantic,precision_semantic,params,classifier
0,0,0.7593367889420521,0.7609961049810674,0.7370833333333334,0.7346938775510204,0.7346938775510204,0.7341270011098653,0.7337066675237685,"[[21, 0, 1, 2], [5, 17, 3, 0], [1, 0, 20, 3], [1, 1, 9, 14]]",0.8076923076923077,0.875,0.75,0.7906976744186047,0.68,0.9444444444444444,0.7017543859649124,0.8333333333333334,0.6060606060606061,0.6363636363636364,0.56,0.7368421052631579,{},{}
