,split_id,precision macro average,precision weighted average,recall macro average,recall weighted average,accuracy,F1 macro average,F1 weighted average,CM,F1_concurrency,recall_concurrency,precision_concurrency,F1_memory,recall_memory,precision_memory,F1_other,recall_other,precision_other,F1_semantic,recall_semantic,precision_semantic,params,classifier
0,0,0.7503943682736253,0.751719881681676,0.7368659420289855,0.7340425531914894,0.7340425531914894,0.7303024999638015,0.7294996698333881,"[[18, 0, 2, 3], [5, 16, 1, 2], [0, 0, 22, 1], [5, 1, 5, 13]]",0.7058823529411765,0.782608695652174,0.6428571428571429,0.7804878048780487,0.6666666666666666,0.9411764705882353,0.8301886792452831,0.9565217391304348,0.7333333333333333,0.6046511627906976,0.5416666666666666,0.6842105263157895,{},{}
