,split_id,precision macro average,precision weighted average,recall macro average,recall weighted average,accuracy,F1 macro average,F1 weighted average,CM,F1_concurrency,recall_concurrency,precision_concurrency,F1_memory,recall_memory,precision_memory,F1_other,recall_other,precision_other,F1_semantic,recall_semantic,precision_semantic,params,classifier
0,0,0.7341353257810301,0.7319111197110423,0.7005928853754941,0.7,0.7,0.7081585081585082,0.7066977466977468,"[[14, 1, 1, 7], [4, 16, 0, 2], [0, 0, 16, 6], [1, 0, 5, 17]]",0.6666666666666666,0.6086956521739131,0.7368421052631579,0.8205128205128205,0.7272727272727273,0.9411764705882353,0.7272727272727273,0.7272727272727273,0.7272727272727273,0.6181818181818182,0.7391304347826086,0.53125,{},{}
