,split_id,precision macro average,precision weighted average,recall macro average,recall weighted average,accuracy,F1 macro average,F1 weighted average,CM,F1_concurrency,recall_concurrency,precision_concurrency,F1_memory,recall_memory,precision_memory,F1_other,recall_other,precision_other,F1_semantic,recall_semantic,precision_semantic,params,classifier
0,0,0.7866207184628237,0.7889583217302516,0.7677865612648221,0.7666666666666667,0.7666666666666667,0.7689922653025923,0.7695703440114443,"[[18, 1, 1, 2], [4, 17, 0, 2], [0, 1, 16, 6], [3, 0, 1, 18]]",0.7659574468085107,0.8181818181818182,0.72,0.8095238095238095,0.7391304347826086,0.8947368421052632,0.7804878048780488,0.6956521739130435,0.8888888888888888,0.7200000000000001,0.8181818181818182,0.6428571428571429,{},{}
