,split_id,precision macro average,precision weighted average,recall macro average,recall weighted average,accuracy,F1 macro average,F1 weighted average,CM,F1_concurrency,recall_concurrency,precision_concurrency,F1_memory,recall_memory,precision_memory,F1_other,recall_other,precision_other,F1_semantic,recall_semantic,precision_semantic,params,classifier
0,0,0.6550468452642365,0.6541657711870478,0.6616847826086957,0.6595744680851063,0.6595744680851063,0.6565217391304349,0.6550416281221091,"[[15, 4, 1, 3], [3, 20, 0, 0], [1, 1, 15, 7], [4, 2, 6, 12]]",0.6521739130434783,0.6521739130434783,0.6521739130434783,0.7999999999999999,0.8695652173913043,0.7407407407407407,0.6521739130434783,0.625,0.6818181818181818,0.5217391304347826,0.5,0.5454545454545454,{},{}
