,split_id,precision macro average,precision weighted average,recall macro average,recall weighted average,accuracy,F1 macro average,F1 weighted average,CM,F1_concurrency,recall_concurrency,precision_concurrency,F1_memory,recall_memory,precision_memory,F1_other,recall_other,precision_other,F1_semantic,recall_semantic,precision_semantic,params,classifier
0,0,0.7197865353037767,0.7180040138660828,0.7005928853754941,0.7,0.7,0.707001332001332,0.7057812557812558,"[[14, 0, 1, 7], [2, 18, 0, 2], [0, 2, 16, 5], [4, 0, 4, 15]]",0.6666666666666666,0.6363636363636364,0.7,0.8571428571428572,0.8181818181818182,0.9,0.7272727272727272,0.6956521739130435,0.7619047619047619,0.576923076923077,0.6521739130434783,0.5172413793103449,{},{}
