,split_id,precision macro average,precision weighted average,recall macro average,recall weighted average,accuracy,F1 macro average,F1 weighted average,CM,F1_concurrency,recall_concurrency,precision_concurrency,F1_memory,recall_memory,precision_memory,F1_other,recall_other,precision_other,F1_semantic,recall_semantic,precision_semantic,params,classifier
0,0,0.7129186602870813,0.7153761025941477,0.6829166666666667,0.6836734693877551,0.6836734693877551,0.6802857062731081,0.6817876360649914,"[[20, 0, 2, 3], [4, 16, 3, 2], [1, 0, 20, 3], [5, 0, 8, 11]]",0.7272727272727272,0.8,0.6666666666666666,0.7804878048780487,0.64,1.0,0.7017543859649124,0.8333333333333334,0.6060606060606061,0.5116279069767442,0.4583333333333333,0.5789473684210527,{},{}
