,split_id,precision macro average,precision weighted average,recall macro average,recall weighted average,accuracy,F1 macro average,F1 weighted average,CM,F1_concurrency,recall_concurrency,precision_concurrency,F1_memory,recall_memory,precision_memory,F1_other,recall_other,precision_other,F1_semantic,recall_semantic,precision_semantic,params,classifier
0,0,0.6799242424242424,0.6781646249731356,0.6698369565217391,0.6702127659574468,0.6702127659574468,0.6613917924893535,0.660541511190188,"[[14, 1, 3, 5], [3, 16, 2, 2], [0, 0, 23, 1], [5, 1, 8, 10]]",0.6222222222222223,0.6086956521739131,0.6363636363636364,0.7804878048780488,0.6956521739130435,0.8888888888888888,0.7666666666666666,0.9583333333333334,0.6388888888888888,0.4761904761904762,0.4166666666666667,0.5555555555555556,{},{}
