,split_id,precision macro average,precision weighted average,recall macro average,recall weighted average,accuracy,F1 macro average,F1 weighted average,CM,F1_concurrency,recall_concurrency,precision_concurrency,F1_memory,recall_memory,precision_memory,F1_other,recall_other,precision_other,F1_semantic,recall_semantic,precision_semantic,params,classifier
0,0,0.7024726671751843,0.6993767833432211,0.6907114624505929,0.6888888888888889,0.6888888888888889,0.6902478286912249,0.6877471631559682,"[[17, 0, 1, 4], [2, 17, 2, 1], [1, 0, 18, 4], [3, 1, 9, 10]]",0.7555555555555555,0.7727272727272727,0.7391304347826086,0.85,0.7727272727272727,0.9444444444444444,0.6792452830188679,0.782608695652174,0.6,0.47619047619047616,0.43478260869565216,0.5263157894736842,{},{}
