,split_id,precision macro average,precision weighted average,recall macro average,recall weighted average,accuracy,F1 macro average,F1 weighted average,CM,F1_concurrency,recall_concurrency,precision_concurrency,F1_memory,recall_memory,precision_memory,F1_other,recall_other,precision_other,F1_semantic,recall_semantic,precision_semantic,params,classifier
0,0,0.7608333333333334,0.7618888888888888,0.7554347826086957,0.7555555555555555,0.7555555555555555,0.7560613557644731,0.7566441255703997,"[[14, 1, 1, 6], [4, 19, 0, 0], [1, 0, 19, 2], [2, 0, 5, 16]]",0.6511627906976744,0.6363636363636364,0.6666666666666666,0.8837209302325583,0.8260869565217391,0.95,0.8085106382978724,0.8636363636363636,0.76,0.6808510638297872,0.6956521739130435,0.6666666666666666,{},{}
