,split_id,precision macro average,precision weighted average,recall macro average,recall weighted average,accuracy,F1 macro average,F1 weighted average,CM,F1_concurrency,recall_concurrency,precision_concurrency,F1_memory,recall_memory,precision_memory,F1_other,recall_other,precision_other,F1_semantic,recall_semantic,precision_semantic,params,classifier
0,0,0.7231071964017991,0.7250458104281192,0.6887351778656127,0.6888888888888889,0.6888888888888889,0.691251619512489,0.6919911885129276,"[[18, 0, 1, 3], [3, 14, 3, 3], [0, 0, 18, 5], [3, 0, 7, 12]]",0.7826086956521738,0.8181818181818182,0.75,0.7567567567567568,0.6086956521739131,1.0,0.6923076923076923,0.782608695652174,0.6206896551724138,0.5333333333333332,0.5454545454545454,0.5217391304347826,{},{}
