,split_id,precision macro average,precision weighted average,recall macro average,recall weighted average,accuracy,F1 macro average,F1 weighted average,CM,F1_concurrency,recall_concurrency,precision_concurrency,F1_memory,recall_memory,precision_memory,F1_other,recall_other,precision_other,F1_semantic,recall_semantic,precision_semantic,params,classifier
0,0,0.7559523809523809,0.7575315840621963,0.7458333333333333,0.7448979591836735,0.7448979591836735,0.7458193979933111,0.7461265442631903,"[[16, 1, 1, 7], [4, 19, 1, 1], [0, 0, 21, 3], [1, 1, 5, 17]]",0.6956521739130435,0.64,0.7619047619047619,0.8260869565217391,0.76,0.9047619047619048,0.8076923076923077,0.875,0.75,0.6538461538461539,0.7083333333333334,0.6071428571428571,{},{}
