,split_id,precision macro average,precision weighted average,recall macro average,recall weighted average,accuracy,F1 macro average,F1 weighted average,CM,F1_concurrency,recall_concurrency,precision_concurrency,F1_memory,recall_memory,precision_memory,F1_other,recall_other,precision_other,F1_semantic,recall_semantic,precision_semantic,params,classifier
0,0,0.7426696110906637,0.7456505793571863,0.7228260869565217,0.723404255319149,0.723404255319149,0.7278116423515818,0.7295583946204602,"[[18, 0, 1, 5], [2, 18, 2, 2], [0, 0, 18, 5], [2, 1, 6, 14]]",0.7826086956521738,0.75,0.8181818181818182,0.8372093023255814,0.75,0.9473684210526315,0.72,0.782608695652174,0.6666666666666666,0.5714285714285715,0.6086956521739131,0.5384615384615384,{},{}
