,split_id,precision macro average,precision weighted average,recall macro average,recall weighted average,accuracy,F1 macro average,F1 weighted average,CM,F1_concurrency,recall_concurrency,precision_concurrency,F1_memory,recall_memory,precision_memory,F1_other,recall_other,precision_other,F1_semantic,recall_semantic,precision_semantic,params,classifier
0,0,0.7769684019684019,0.778955677891848,0.7649456521739131,0.7659574468085106,0.7659574468085106,0.7664417705066523,0.7678795483227104,"[[19, 0, 1, 3], [4, 19, 0, 1], [0, 0, 20, 4], [3, 0, 6, 14]]",0.7755102040816326,0.8260869565217391,0.7307692307692307,0.8837209302325582,0.7916666666666666,1.0,0.7843137254901961,0.8333333333333334,0.7407407407407407,0.6222222222222223,0.6086956521739131,0.6363636363636364,{},{}
