,split_id,precision macro average,precision weighted average,recall macro average,recall weighted average,accuracy,F1 macro average,F1 weighted average,CM,F1_concurrency,recall_concurrency,precision_concurrency,F1_memory,recall_memory,precision_memory,F1_other,recall_other,precision_other,F1_semantic,recall_semantic,precision_semantic,params,classifier
0,0,0.6920725527052927,0.6902144044752403,0.6674901185770751,0.6666666666666666,0.6666666666666666,0.667893718763946,0.6663369862522026,"[[11, 3, 1, 8], [4, 15, 0, 3], [0, 1, 16, 5], [1, 0, 4, 18]]",0.5641025641025642,0.4782608695652174,0.6875,0.7317073170731707,0.6818181818181818,0.7894736842105263,0.7441860465116279,0.7272727272727273,0.7619047619047619,0.631578947368421,0.782608695652174,0.5294117647058824,{},{}
