,split_id,precision macro average,precision weighted average,recall macro average,recall weighted average,accuracy,F1 macro average,F1 weighted average,CM,F1_concurrency,recall_concurrency,precision_concurrency,F1_memory,recall_memory,precision_memory,F1_other,recall_other,precision_other,F1_semantic,recall_semantic,precision_semantic,params,classifier
0,0,0.671335725677831,0.6698312954102428,0.6566205533596838,0.6555555555555556,0.6555555555555556,0.6622687639919878,0.6610084704711782,"[[14, 1, 1, 6], [4, 17, 0, 1], [0, 1, 16, 6], [6, 0, 5, 12]]",0.6086956521739131,0.6363636363636364,0.5833333333333334,0.8292682926829269,0.7727272727272727,0.8947368421052632,0.711111111111111,0.6956521739130435,0.7272727272727273,0.4999999999999999,0.5217391304347826,0.48,{},{}
