,split_id,precision macro average,precision weighted average,recall macro average,recall weighted average,accuracy,F1 macro average,F1 weighted average,CM,F1_concurrency,recall_concurrency,precision_concurrency,F1_memory,recall_memory,precision_memory,F1_other,recall_other,precision_other,F1_semantic,recall_semantic,precision_semantic,params,classifier
0,0,0.7623429541595925,0.7636815695151857,0.7327075098814229,0.7333333333333333,0.7333333333333333,0.732579553305798,0.733302390176239,"[[18, 0, 3, 1], [3, 15, 2, 3], [1, 0, 20, 2], [3, 0, 6, 13]]",0.7659574468085107,0.8181818181818182,0.72,0.7894736842105263,0.6521739130434783,1.0,0.7407407407407407,0.8695652173913043,0.6451612903225806,0.6341463414634148,0.5909090909090909,0.6842105263157895,{},{}
