,split_id,precision macro average,precision weighted average,recall macro average,recall weighted average,accuracy,F1 macro average,F1 weighted average,CM,F1_concurrency,recall_concurrency,precision_concurrency,F1_memory,recall_memory,precision_memory,F1_other,recall_other,precision_other,F1_semantic,recall_semantic,precision_semantic,params,classifier
0,0,0.7882923454469507,0.7872264573470714,0.7761857707509882,0.7777777777777778,0.7777777777777778,0.7732261640798226,0.7734170978073417,"[[14, 2, 2, 4], [2, 17, 2, 1], [0, 0, 23, 0], [2, 0, 5, 16]]",0.7000000000000001,0.6363636363636364,0.7777777777777778,0.8292682926829269,0.7727272727272727,0.8947368421052632,0.8363636363636363,1.0,0.71875,0.7272727272727272,0.6956521739130435,0.7619047619047619,{},{}
