,split_id,precision macro average,precision weighted average,recall macro average,recall weighted average,accuracy,F1 macro average,F1 weighted average,CM,F1_concurrency,recall_concurrency,precision_concurrency,F1_memory,recall_memory,precision_memory,F1_other,recall_other,precision_other,F1_semantic,recall_semantic,precision_semantic,params,classifier
0,0,0.7118919706813259,0.711847594721158,0.70899209486166,0.7111111111111111,0.7111111111111111,0.7055980251632425,0.7066218966218966,"[[16, 1, 2, 4], [4, 14, 2, 2], [0, 1, 21, 1], [3, 2, 4, 13]]",0.6956521739130435,0.6956521739130435,0.6956521739130435,0.7000000000000001,0.6363636363636364,0.7777777777777778,0.8076923076923076,0.9130434782608695,0.7241379310344828,0.6190476190476191,0.5909090909090909,0.65,{},{}
